device_name,timestamp,src,src_port,dst,dst_port,packet_type,size,sent_or_received,infected,queue_full_percentage
peer_2,0.00,peer_2,22666,Server,443,heartbeat,32,sent,False,6.0
peer_2,0.00,peer_2,443,Server,8080,p2p_coord,64,sent,False,8.0
peer_2,0.00,peer_2,20747,Server,8080,SYN,60,sent,False,10.0
peer_2,0.00,peer_2,80,Server,8080,udp_generic,111,sent,False,12.0
peer_2,0.20,peer_2,6963,Server,8080,DATA_REQ,128,sent,False,28.0
peer_2,0.00,peer_4,23252,peer_2,443,p2p_coord,64,received,False,6.7
peer_2,0.60,Server,80,peer_2,20747,SYN-ACK,60,received,False,6.7
peer_2,0.91,peer_2,22666,Server,8080,FIN,60,sent,False,22.0
peer_2,1.60,Server,80,peer_2,6963,DATA_RESP,1024,received,False,6.7
peer_2,8.63,peer_4,80,peer_2,443,p2p_coord,64,received,False,6.7
peer_2,12.71,peer_2,80,Server,8080,udp_generic,216,sent,False,0.0
peer_2,15.26,peer_2,80,peer_6,443,p2p_coord,64,sent,False,0.0
peer_2,16.31,peer_2,20747,Server,443,heartbeat,32,sent,False,0.0
peer_2,20.52,peer_4,41818,peer_2,22666,p2p_coord,64,received,False,6.7
peer_2,25.85,peer_2,6963,Server,8080,udp_generic,212,sent,False,0.0
peer_2,30.58,peer_6,54872,peer_2,6963,p2p_coord,64,received,False,6.7
peer_2,32.61,peer_2,20747,peer_1,57975,p2p_coord,64,sent,False,0.0
peer_2,35.56,peer_2,443,Server,443,heartbeat,32,sent,False,90.0
peer_2,38.99,peer_2,20747,Server,8080,SYN,60,sent,False,88.0
peer_2,39.19,peer_2,6963,Server,8080,DATA_REQ,128,sent,False,94.0
peer_2,40.33,peer_4,41818,peer_2,80,malware,500,received,False,6.7
peer_2,41.13,peer_4,41818,peer_2,80,malware,500,received,False,6.7
peer_2,41.40,peer_4,80,peer_2,80,malware,500,received,False,6.7
peer_2,42.03,peer_4,80,peer_2,80,malware,500,received,False,6.7
peer_2,42.43,peer_4,23210,peer_2,80,malware,500,received,False,6.7
peer_2,43.25,peer_4,41818,peer_2,80,malware,500,received,False,6.7
peer_2,43.40,Server,443,peer_2,20747,SYN-ACK,60,received,False,6.7
peer_2,43.90,Server,443,peer_2,6963,DATA_RESP,1024,received,False,6.7
peer_2,45.14,peer_2,6963,peer_1,21852,p2p_coord,64,sent,False,6.7
peer_2,47.03,peer_4,443,peer_2,80,malware,500,received,False,6.7
peer_2,47.24,peer_4,443,peer_2,80,malware,500,received,False,6.7
peer_2,48.33,peer_4,443,peer_2,80,malware,500,received,False,6.7
peer_2,48.72,peer_4,41818,peer_2,80,malware,500,received,False,6.7
peer_2,49.58,peer_2,6963,Server,8080,udp_generic,177,sent,False,64.0
peer_2,51.26,peer_4,41818,peer_2,80,malware,500,received,False,6.7
peer_2,54.12,peer_2,22666,Server,443,heartbeat,32,sent,False,66.0
peer_2,54.35,peer_4,80,peer_2,80,malware,500,received,False,6.7
peer_2,59.72,peer_2,6963,Server,8080,p2p_coord,64,sent,False,0.0
peer_2,63.61,peer_2,80,Server,8080,udp_generic,154,sent,False,0.0
peer_2,71.00,peer_2,443,Server,443,heartbeat,32,sent,False,16.0
peer_2,74.52,peer_2,22666,Server,80,p2p_coord,64,sent,False,76.0
peer_2,77.46,peer_2,6963,Server,8080,udp_generic,158,sent,False,58.0
peer_2,77.55,peer_6,19965,peer_2,22666,p2p_coord,64,received,False,6.7
peer_2,78.06,peer_2,20747,Server,8080,SYN,60,sent,False,74.0
peer_2,78.26,peer_2,6963,Server,8080,DATA_REQ,128,sent,False,80.0
peer_2,78.74,peer_2,22666,Server,8080,DATA_REQ,128,sent,False,96.0
peer_2,79.21,peer_2,22666,Server,8080,DATA_REQ,128,sent,False,98.0
peer_2,79.79,peer_2,6963,Server,8080,FIN,60,sent,False,92.0
peer_2,81.80,Server,443,peer_2,20747,SYN-ACK,60,received,False,6.7
peer_2,82.30,Server,8080,peer_2,6963,DATA_RESP,1024,received,False,6.7
peer_2,83.60,Server,8080,peer_2,22666,DATA_RESP,1024,received,False,6.7
peer_2,84.20,Server,80,peer_2,22666,DATA_RESP,1024,received,False,6.7
peer_2,85.05,peer_5,28115,peer_2,22666,p2p_coord,64,received,False,6.7
peer_2,86.63,peer_2,22666,Server,443,heartbeat,32,sent,False,2.0
peer_2,88.59,peer_2,22666,Server,8080,udp_generic,142,sent,False,2.0
peer_2,92.10,peer_2,443,Server,443,p2p_coord,64,sent,False,0.0
peer_2,100.17,peer_2,80,Server,8080,udp_generic,182,sent,False,0.0
peer_2,101.99,peer_2,22666,peer_6,56231,p2p_coord,64,sent,False,0.0
peer_2,103.22,Server,80,peer_2,80,p2p_coord,64,received,False,6.7
peer_2,104.05,peer_2,20747,Server,443,heartbeat,32,sent,False,0.0
peer_2,104.90,peer_4,41818,peer_2,22666,p2p_coord,64,received,False,6.7
peer_2,106.05,peer_2,6963,Server,8080,SYN,60,sent,False,0.0
peer_2,106.25,peer_2,443,Server,8080,DATA_REQ,128,sent,False,0.0
peer_2,106.20,Server,8080,peer_2,6963,SYN-ACK,60,received,False,6.7
peer_2,106.40,Server,80,peer_2,443,DATA_RESP,1024,received,False,6.7
peer_2,107.01,peer_2,20747,Server,8080,FIN,60,sent,False,0.0
peer_2,110.26,peer_2,6963,Server,8080,udp_generic,102,sent,False,0.0
peer_2,112.95,peer_2,22666,peer_6,19965,p2p_coord,64,sent,False,0.0
peer_2,115.44,peer_5,44444,peer_2,20747,p2p_coord,64,received,False,6.7
peer_2,121.26,peer_2,443,Server,443,heartbeat,32,sent,False,80.0
peer_2,122.44,peer_2,80,Server,8080,udp_generic,122,sent,False,62.0
peer_2,123.13,peer_6,54872,peer_2,6963,p2p_coord,64,received,False,6.7
peer_2,124.05,peer_5,443,peer_2,6963,p2p_coord,64,received,False,6.7
peer_2,126.56,peer_2,443,Server,80,p2p_coord,64,sent,False,0.0
peer_2,133.79,peer_2,443,Server,8080,udp_generic,210,sent,False,0.0
peer_2,135.60,peer_6,19965,peer_2,443,p2p_coord,64,received,False,6.7
peer_2,136.62,peer_2,443,Server,443,heartbeat,32,sent,False,0.0
peer_2,138.02,peer_2,443,Server,8080,SYN,60,sent,False,0.0
peer_2,138.22,peer_2,22666,Server,8080,DATA_REQ,128,sent,False,0.0
peer_2,138.20,Server,443,peer_2,443,SYN-ACK,60,received,False,6.7
peer_2,138.40,Server,80,peer_2,22666,DATA_RESP,1024,received,False,6.7
peer_2,138.63,peer_2,20747,Server,8080,DATA_REQ,128,sent,False,0.0
peer_2,138.80,Server,443,peer_2,20747,DATA_RESP,1024,received,False,6.7
peer_2,139.09,peer_2,80,Server,8080,DATA_REQ,128,sent,False,0.0
peer_2,139.20,Server,80,peer_2,80,DATA_RESP,1024,received,False,6.7
peer_2,139.44,peer_2,443,Server,8080,FIN,60,sent,False,0.0
peer_2,139.49,Server,8080,peer_2,20747,p2p_coord,64,received,False,6.7
peer_2,142.27,peer_2,80,peer_6,56231,p2p_coord,64,sent,False,0.0
peer_2,146.47,peer_5,44444,peer_2,443,p2p_coord,64,received,False,6.7
peer_2,147.60,peer_2,443,Server,8080,udp_generic,104,sent,False,0.0
peer_2,150.56,peer_4,41818,peer_2,22666,p2p_coord,64,received,False,6.7
peer_2,155.02,peer_2,22666,Server,443,heartbeat,32,sent,False,0.0
peer_2,154.95,Server,8080,peer_2,80,p2p_coord,64,received,False,6.7
peer_2,155.30,peer_2,20747,Server,443,p2p_coord,64,sent,False,0.0
peer_2,158.22,peer_2,6963,Server,8080,udp_generic,162,sent,False,0.0
peer_2,161.11,peer_6,54872,peer_2,6963,p2p_coord,64,received,False,6.7
peer_2,161.99,peer_5,44444,peer_2,20747,p2p_coord,64,received,False,6.7
peer_2,164.92,peer_2,443,Server,8080,SYN,60,sent,False,66.0
peer_2,165.12,peer_2,20747,Server,8080,DATA_REQ,128,sent,False,74.0
peer_2,165.68,peer_2,80,Server,8080,DATA_REQ,128,sent,False,66.0
peer_2,166.13,peer_2,6963,Server,8080,FIN,60,sent,False,58.0
peer_2,168.30,Server,80,peer_2,443,SYN-ACK,60,received,False,6.7
peer_2,168.90,Server,80,peer_2,20747,DATA_RESP,1024,received,False,6.7
peer_2,169.00,Server,80,peer_2,80,DATA_RESP,1024,received,False,6.7
peer_2,170.91,peer_5,44444,peer_2,22666,p2p_coord,64,received,False,6.7
peer_2,171.42,peer_2,6963,Server,8080,udp_generic,129,sent,False,40.0
peer_2,171.67,peer_2,6963,peer_1,80,p2p_coord,64,sent,False,0.0
peer_2,172.91,peer_2,6963,Server,443,heartbeat,32,sent,False,14.0
peer_2,174.83,peer_6,19965,peer_2,443,p2p_coord,64,received,False,6.7
peer_2,184.73,peer_2,80,Server,8080,udp_generic,120,sent,False,0.0
peer_2,187.24,peer_5,80,peer_2,22666,p2p_coord,64,received,False,6.7
peer_2,188.17,peer_2,6963,Server,443,heartbeat,32,sent,False,0.0
peer_2,188.93,peer_2,22666,peer_1,57975,p2p_coord,64,sent,False,0.0
peer_2,191.83,peer_2,20747,Server,8080,SYN,60,sent,False,0.0
peer_2,192.03,peer_2,80,Server,8080,DATA_REQ,128,sent,False,0.0
peer_2,192.00,Server,8080,peer_2,20747,SYN-ACK,60,received,False,6.7
peer_2,192.20,Server,80,peer_2,80,DATA_RESP,1024,received,False,6.7
peer_2,192.74,peer_2,22666,Server,8080,DATA_REQ,128,sent,False,2.0
peer_2,192.90,Server,443,peer_2,22666,DATA_RESP,1024,received,False,6.7
peer_2,193.14,peer_2,443,Server,8080,DATA_REQ,128,sent,False,0.0
peer_2,193.30,Server,80,peer_2,443,DATA_RESP,1024,received,False,6.7
peer_2,193.74,peer_2,443,Server,8080,FIN,60,sent,False,0.0
peer_2,197.33,Server,443,peer_2,6963,p2p_coord,64,received,False,6.7
peer_2,198.58,peer_2,6963,peer_6,54872,p2p_coord,64,sent,False,0.0
peer_2,199.03,peer_2,80,Server,8080,udp_generic,160,sent,False,0.0
peer_2,199.61,peer_5,28115,peer_2,22666,p2p_coord,64,received,False,6.7
peer_2,207.13,peer_2,443,Server,443,heartbeat,32,sent,False,32.0
peer_2,210.19,peer_2,6963,Server,8080,udp_generic,164,sent,False,96.0
peer_2,216.13,peer_2,22666,Server,80,p2p_coord,64,sent,False,0.0
peer_2,223.26,peer_2,443,Server,8080,udp_generic,122,sent,False,2.0
peer_2,224.40,peer_2,6963,Server,8080,SYN,60,sent,False,0.0
peer_2,224.60,peer_2,80,Server,8080,DATA_REQ,128,sent,False,2.0
peer_2,224.60,Server,80,peer_2,6963,SYN-ACK,60,received,False,6.7
peer_2,224.80,Server,8080,peer_2,80,DATA_RESP,1024,received,False,6.7
peer_2,225.38,peer_2,443,Server,8080,DATA_REQ,128,sent,False,2.0
peer_2,225.50,Server,80,peer_2,443,DATA_RESP,1024,received,False,6.7
peer_2,225.93,peer_2,6963,Server,8080,DATA_REQ,128,sent,False,0.0
peer_2,225.87,peer_6,54872,peer_2,80,p2p_coord,64,received,False,6.7
peer_2,226.10,Server,443,peer_2,6963,DATA_RESP,1024,received,False,6.7
peer_2,226.36,peer_2,22666,Server,443,heartbeat,32,sent,False,0.0
peer_2,226.68,peer_2,6963,Server,8080,FIN,60,sent,False,0.0
peer_2,228.03,peer_5,80,peer_2,22666,p2p_coord,64,received,False,6.7
peer_2,230.51,peer_2,20747,peer_6,54872,p2p_coord,64,sent,False,0.0
peer_2,238.03,peer_2,6963,Server,8080,udp_generic,104,sent,False,0.0
peer_2,241.18,peer_2,22666,Server,8080,p2p_coord,64,sent,False,0.0
peer_2,244.26,peer_5,80,peer_2,20747,p2p_coord,64,received,False,6.7
peer_2,245.45,peer_2,20747,Server,443,heartbeat,32,sent,False,0.0
peer_2,247.54,Server,8080,peer_2,443,fw_fragment,1400,received,False,26.7
peer_2,247.56,Server,80,peer_2,443,fw_fragment,1400,received,False,86.7
peer_2,247.58,Server,8080,peer_2,443,fw_fragment,1400,received,False,93.3
peer_2,247.60,Server,80,peer_2,443,fw_fragment,1400,received,False,86.7
peer_2,247.62,Server,8080,peer_2,443,fw_fragment,1400,received,False,80.0
peer_2,247.64,Server,443,peer_2,443,fw_fragment,1400,received,False,73.3
peer_2,247.66,Server,80,peer_2,443,fw_fragment,1400,received,False,66.7
peer_2,247.68,Server,8080,peer_2,443,fw_fragment,1400,received,False,60.0
peer_2,247.70,Server,443,peer_2,443,fw_fragment,1400,received,False,53.3
peer_2,247.72,Server,8080,peer_2,443,fw_fragment,1400,received,False,46.7
peer_2,247.74,Server,8080,peer_2,443,fw_fragment,1400,received,False,40.0
peer_2,247.76,Server,80,peer_2,443,fw_fragment,1400,received,False,33.3
peer_2,247.78,Server,80,peer_2,443,fw_fragment,1400,received,False,26.7
peer_2,247.80,Server,8080,peer_2,443,fw_fragment,1400,received,False,20.0
peer_2,247.82,Server,80,peer_2,443,fw_fragment,1400,received,False,13.3
peer_2,247.84,Server,443,peer_2,443,fw_fragment,1400,received,False,6.7
peer_2,250.79,Server,443,peer_2,6963,p2p_coord,64,received,False,6.7
peer_2,251.98,peer_2,80,Server,8080,udp_generic,246,sent,False,80.0
peer_2,254.30,peer_2,443,Server,443,p2p_coord,64,sent,False,72.0
peer_2,258.57,peer_2,20747,Server,8080,SYN,60,sent,False,0.0
peer_2,258.77,peer_2,6963,Server,8080,DATA_REQ,128,sent,False,0.0
peer_2,258.70,Server,80,peer_2,20747,SYN-ACK,60,received,False,6.7
peer_2,259.09,peer_2,443,Server,8080,DATA_REQ,128,sent,False,0.0
peer_2,258.90,Server,8080,peer_2,6963,DATA_RESP,1024,received,False,6.7
peer_2,259.20,Server,8080,peer_2,443,DATA_RESP,1024,received,False,6.7
peer_2,259.48,peer_2,20747,Server,8080,FIN,60,sent,False,0.0
peer_2,259.88,peer_5,62479,peer_2,22666,p2p_coord,64,received,False,6.7
peer_2,261.47,peer_4,23252,peer_2,443,p2p_coord,64,received,False,6.7
peer_2,263.29,peer_2,22666,Server,443,heartbeat,32,sent,False,0.0
peer_2,265.54,peer_2,22666,Server,8080,udp_generic,162,sent,False,0.0
peer_2,265.59,peer_6,443,peer_2,20747,p2p_coord,64,received,False,6.7
peer_2,266.30,peer_2,443,Server,443,p2p_coord,64,sent,False,0.0
peer_2,277.11,peer_2,20747,Server,8080,udp_generic,208,sent,False,0.0
peer_2,279.51,peer_2,6963,Server,443,heartbeat,32,sent,False,0.0
peer_2,283.89,peer_2,22666,peer_1,80,p2p_coord,64,sent,False,0.0
peer_2,287.17,peer_2,443,Server,8080,udp_generic,220,sent,False,20.0
peer_2,290.83,peer_2,443,Server,8080,SYN,60,sent,False,0.0
peer_2,291.03,peer_2,80,Server,8080,DATA_REQ,128,sent,False,2.0
peer_2,291.00,Server,443,peer_2,443,SYN-ACK,60,received,False,6.7
peer_2,291.20,Server,8080,peer_2,80,DATA_RESP,1024,received,False,6.7
peer_2,291.58,peer_2,6963,Server,8080,DATA_REQ,128,sent,False,0.0
peer_2,291.98,peer_2,6963,Server,8080,FIN,60,sent,False,0.0
peer_2,291.70,Server,443,peer_2,6963,DATA_RESP,1024,received,False,6.7
peer_2,292.50,peer_2,443,peer_1,21852,p2p_coord,64,sent,False,0.0
peer_2,294.58,peer_5,80,peer_2,20747,p2p_coord,64,received,False,6.7
peer_2,297.91,peer_2,22666,Server,443,heartbeat,32,sent,False,0.0
peer_2,298.43,peer_2,80,Server,8080,udp_generic,239,sent,False,0.0
peer_2,301.20,peer_2,443,peer_6,56231,p2p_coord,64,sent,False,0.0
peer_2,312.37,peer_2,443,peer_1,80,p2p_coord,64,sent,False,0.0
peer_2,313.32,peer_2,20747,Server,8080,udp_generic,187,sent,False,0.0
peer_2,314.22,peer_6,443,peer_2,80,p2p_coord,64,received,False,6.7
peer_2,314.53,peer_2,20747,Server,443,heartbeat,32,sent,False,0.0
peer_2,323.43,peer_2,20747,peer_6,54872,p2p_coord,64,sent,False,0.0
peer_2,324.83,peer_2,20747,Server,8080,SYN,60,sent,False,0.0
peer_2,325.03,peer_2,6963,Server,8080,DATA_REQ,128,sent,False,0.0
peer_2,325.00,Server,443,peer_2,20747,SYN-ACK,60,received,False,6.7
peer_2,325.20,Server,8080,peer_2,6963,DATA_RESP,1024,received,False,6.7
peer_2,325.55,peer_2,443,Server,8080,DATA_REQ,128,sent,False,0.0
peer_2,325.67,peer_2,22666,Server,8080,udp_generic,161,sent,False,2.0
peer_2,325.70,Server,8080,peer_2,443,DATA_RESP,1024,received,False,6.7
peer_2,326.21,peer_2,6963,Server,8080,DATA_REQ,128,sent,False,0.0
peer_2,326.40,Server,80,peer_2,6963,DATA_RESP,1024,received,False,6.7
peer_2,326.90,peer_2,6963,Server,8080,FIN,60,sent,False,0.0
peer_2,333.21,peer_2,6963,Server,443,heartbeat,32,sent,False,0.0
peer_2,334.46,peer_2,80,Server,8080,p2p_coord,64,sent,False,0.0
peer_2,339.43,peer_2,443,Server,8080,udp_generic,230,sent,False,2.0
peer_2,347.26,peer_6,56231,peer_2,20747,p2p_coord,64,received,False,6.7
peer_2,347.73,peer_4,23210,peer_2,80,p2p_coord,64,received,False,6.7
peer_2,350.49,peer_2,80,Server,80,p2p_coord,64,sent,False,16.0
peer_2,350.86,peer_2,443,Server,8080,udp_generic,109,sent,False,24.0
peer_2,352.30,peer_2,80,Server,443,heartbeat,32,sent,False,58.0
peer_2,355.63,peer_6,56231,peer_2,22666,p2p_coord,64,received,False,6.7
peer_2,358.94,peer_4,443,peer_2,22666,p2p_coord,64,received,False,6.7
peer_2,361.85,peer_2,20747,Server,8080,p2p_coord,64,sent,False,0.0
peer_2,362.13,peer_2,20747,Server,8080,udp_generic,150,sent,False,0.0
peer_2,364.72,peer_2,22666,Server,8080,SYN,60,sent,False,0.0
peer_2,364.92,peer_2,80,Server,8080,DATA_REQ,128,sent,False,2.0
peer_2,364.90,Server,443,peer_2,22666,SYN-ACK,60,received,False,6.7
peer_2,365.31,peer_2,6963,Server,8080,DATA_REQ,128,sent,False,0.0
peer_2,365.10,Server,80,peer_2,80,DATA_RESP,1024,received,False,6.7
peer_2,365.61,peer_2,80,Server,8080,FIN,60,sent,False,0.0
peer_2,365.50,Server,443,peer_2,6963,DATA_RESP,1024,received,False,6.7
peer_2,370.89,peer_2,80,Server,443,heartbeat,32,sent,False,0.0
peer_2,372.21,peer_5,62479,peer_2,22666,p2p_coord,64,received,False,6.7
peer_2,374.39,peer_2,22666,Server,8080,udp_generic,165,sent,False,0.0
peer_2,374.52,Server,80,peer_2,80,p2p_coord,64,received,False,6.7
peer_2,375.89,peer_2,80,Server,443,p2p_coord,64,sent,False,0.0
peer_2,382.71,peer_4,443,peer_2,20747,p2p_coord,64,received,False,6.7
peer_2,388.66,peer_2,80,Server,8080,udp_generic,220,sent,False,0.0
peer_2,390.04,peer_2,22666,Server,443,heartbeat,32,sent,False,0.0
peer_2,390.87,peer_2,80,peer_6,54872,p2p_coord,64,sent,False,0.0
peer_2,391.20,peer_2,20747,Server,8080,SYN,60,sent,False,0.0
peer_2,391.40,peer_2,22666,Server,8080,DATA_REQ,128,sent,False,2.0
peer_2,391.30,Server,80,peer_2,20747,SYN-ACK,60,received,False,6.7
peer_2,391.50,Server,8080,peer_2,22666,DATA_RESP,1024,received,False,6.7
peer_2,391.95,peer_2,20747,Server,8080,DATA_REQ,128,sent,False,0.0
peer_2,392.10,Server,8080,peer_2,20747,DATA_RESP,1024,received,False,6.7
peer_2,392.66,peer_2,443,Server,8080,FIN,60,sent,False,0.0
peer_2,392.99,peer_6,80,peer_2,22666,p2p_coord,64,received,False,6.7
peer_2,396.76,peer_4,23210,peer_2,80,p2p_coord,64,received,False,6.7
peer_2,399.32,peer_2,80,Server,8080,udp_generic,199,sent,False,68.0
peer_2,401.91,peer_2,443,peer_1,80,p2p_coord,64,sent,False,6.7
peer_2,407.07,peer_2,22666,Server,443,heartbeat,32,sent,False,2.0
peer_2,411.39,peer_2,443,peer_1,57975,p2p_coord,64,sent,False,0.0
peer_2,412.49,peer_2,443,Server,8080,udp_generic,205,sent,False,0.0
peer_2,418.79,peer_2,22666,Server,8080,SYN,60,sent,False,0.0
peer_2,418.99,peer_2,22666,Server,8080,DATA_REQ,128,sent,False,0.0
peer_2,418.90,Server,8080,peer_2,22666,SYN-ACK,60,received,False,6.7
peer_2,419.10,Server,8080,peer_2,22666,DATA_RESP,1024,received,False,6.7
peer_2,419.47,peer_2,6963,Server,8080,DATA_REQ,128,sent,False,0.0
peer_2,419.60,Server,80,peer_2,6963,DATA_RESP,1024,received,False,6.7
peer_2,420.26,peer_2,443,Server,8080,DATA_REQ,128,sent,False,0.0
peer_2,420.40,Server,80,peer_2,443,DATA_RESP,1024,received,False,6.7
peer_2,420.82,peer_2,6963,Server,8080,DATA_REQ,128,sent,False,0.0
peer_2,421.16,peer_2,80,Server,8080,FIN,60,sent,False,0.0
peer_2,421.00,Server,443,peer_2,6963,DATA_RESP,1024,received,False,6.7
peer_2,421.95,peer_2,443,Server,8080,p2p_coord,64,sent,False,0.0
peer_2,423.00,peer_2,6963,Server,8080,udp_generic,199,sent,False,0.0
peer_2,425.23,peer_2,20747,Server,443,heartbeat,32,sent,False,2.0
peer_2,430.72,peer_2,6963,peer_6,56231,p2p_coord,64,sent,False,0.0
peer_2,430.73,peer_4,23210,peer_2,20747,p2p_coord,64,received,False,6.7
peer_2,437.52,peer_2,20747,Server,8080,udp_generic,177,sent,False,0.0
peer_2,441.25,peer_2,80,Server,443,heartbeat,32,sent,False,50.0
peer_2,441.62,peer_2,80,peer_1,80,p2p_coord,64,sent,False,0.0
peer_2,447.73,peer_2,80,Server,8080,udp_generic,143,sent,False,0.0
peer_2,449.37,peer_2,20747,Server,8080,SYN,60,sent,False,2.0
peer_2,449.57,peer_2,443,Server,8080,DATA_REQ,128,sent,False,2.0
peer_2,449.60,Server,80,peer_2,20747,SYN-ACK,60,received,False,6.7
peer_2,449.70,Server,80,peer_2,443,DATA_RESP,1024,received,False,6.7
peer_2,450.12,peer_2,22666,Server,8080,DATA_REQ,128,sent,False,0.0
peer_2,450.47,peer_2,443,Server,8080,DATA_REQ,128,sent,False,0.0
peer_2,450.53,peer_2,80,peer_6,56231,p2p_coord,64,sent,False,0.0
peer_2,450.30,Server,8080,peer_2,22666,DATA_RESP,1024,received,False,6.7
peer_2,450.83,peer_2,20747,Server,8080,FIN,60,sent,False,0.0
peer_2,450.60,Server,80,peer_2,443,DATA_RESP,1024,received,False,6.7
peer_2,453.95,Server,443,peer_2,20747,p2p_coord,64,received,False,6.7
peer_2,454.56,peer_6,56231,peer_2,80,p2p_coord,64,received,False,6.7
peer_2,456.99,peer_2,20747,Server,443,heartbeat,32,sent,False,0.0
peer_2,460.17,peer_2,6963,Server,8080,udp_generic,158,sent,False,0.0
peer_2,465.65,peer_2,443,peer_6,54872,p2p_coord,64,sent,False,0.0
peer_2,470.63,peer_2,22666,Server,8080,udp_generic,251,sent,False,26.0
peer_2,471.77,Server,8080,peer_2,22666,p2p_coord,64,received,False,6.7
peer_2,474.88,peer_2,22666,Server,443,heartbeat,32,sent,False,48.0
peer_2,479.83,Server,8080,peer_2,20747,p2p_coord,64,received,False,6.7
peer_2,482.11,peer_2,6963,Server,8080,udp_generic,121,sent,False,0.0
peer_2,482.60,peer_2,443,peer_1,8643,p2p_coord,64,sent,False,0.0
peer_2,484.33,peer_2,22666,Server,8080,SYN,60,sent,False,0.0
peer_2,484.53,peer_2,22666,Server,8080,DATA_REQ,128,sent,False,0.0
peer_2,484.50,Server,443,peer_2,22666,SYN-ACK,60,received,False,6.7
peer_2,484.70,Server,80,peer_2,22666,DATA_RESP,1024,received,False,6.7
peer_2,485.29,peer_2,20747,Server,8080,DATA_REQ,128,sent,False,2.0
peer_2,485.67,peer_2,20747,Server,8080,FIN,60,sent,False,0.0
peer_2,485.50,Server,443,peer_2,20747,DATA_RESP,1024,received,False,6.7
peer_2,486.88,peer_6,443,peer_2,80,p2p_coord,64,received,False,6.7
peer_2,490.14,peer_2,22666,Server,443,heartbeat,32,sent,False,2.0
peer_2,492.61,peer_2,80,Server,8080,udp_generic,215,sent,False,0.0
peer_2,494.92,peer_2,22666,Server,80,p2p_coord,64,sent,False,0.0
peer_2,502.97,peer_2,20747,Server,8080,udp_generic,216,sent,False,0.0
peer_2,507.66,peer_2,20747,Server,443,heartbeat,32,sent,False,0.0
peer_2,509.40,peer_2,80,Server,8080,p2p_coord,64,sent,False,0.0
peer_2,509.34,peer_6,56231,peer_2,22666,p2p_coord,64,received,False,6.7
peer_2,512.53,peer_2,80,Server,8080,SYN,60,sent,False,46.0
peer_2,512.73,peer_2,20747,Server,8080,DATA_REQ,128,sent,False,52.0
peer_2,513.38,peer_2,80,Server,8080,FIN,60,sent,False,70.0
peer_2,515.10,peer_2,80,Server,8080,udp_generic,102,sent,False,48.0
peer_2,514.90,Server,443,peer_2,80,SYN-ACK,60,received,False,6.7
peer_2,515.40,Server,8080,peer_2,20747,DATA_RESP,1024,received,False,6.7
peer_2,517.49,peer_2,20747,peer_1,21852,p2p_coord,64,sent,False,0.0
peer_2,519.45,peer_6,19965,peer_2,20747,p2p_coord,64,received,False,6.7
peer_2,526.53,peer_2,443,Server,443,heartbeat,32,sent,False,0.0
peer_2,526.61,peer_2,6963,peer_1,21852,p2p_coord,64,sent,False,0.0
peer_2,528.45,peer_5,44444,peer_2,6963,p2p_coord,64,received,False,6.7
peer_2,528.99,peer_2,6963,Server,8080,udp_generic,164,sent,False,0.0
peer_2,538.42,peer_4,80,peer_2,443,p2p_coord,64,received,False,6.7
peer_2,540.06,peer_2,20747,Server,8080,udp_generic,161,sent,False,2.0
peer_2,540.84,peer_2,443,Server,80,p2p_coord,64,sent,False,0.0
peer_2,541.10,peer_5,28115,peer_2,80,p2p_coord,64,received,False,6.7
peer_2,545.63,peer_2,22666,Server,8080,SYN,60,sent,False,0.0
peer_2,545.83,peer_2,443,Server,8080,DATA_REQ,128,sent,False,0.0
peer_2,546.06,peer_2,20747,Server,443,heartbeat,32,sent,False,0.0
peer_2,545.80,Server,80,peer_2,22666,SYN-ACK,60,received,False,6.7
peer_2,546.24,peer_2,6963,Server,8080,DATA_REQ,128,sent,False,0.0
peer_2,546.00,Server,80,peer_2,443,DATA_RESP,1024,received,False,6.7
peer_2,546.40,Server,80,peer_2,6963,DATA_RESP,1024,received,False,6.7
peer_2,546.80,peer_2,22666,Server,8080,FIN,60,sent,False,0.0
peer_2,550.16,peer_2,80,Server,8080,udp_generic,211,sent,False,0.0
peer_2,558.19,peer_2,20747,peer_1,57975,p2p_coord,64,sent,False,0.0
peer_2,560.45,peer_6,54872,peer_2,443,p2p_coord,64,received,False,6.7
peer_2,561.85,peer_2,20747,Server,8080,udp_generic,126,sent,False,0.0
peer_2,562.95,peer_2,22666,Server,443,heartbeat,32,sent,False,0.0
peer_2,572.09,peer_2,20747,Server,8080,udp_generic,211,sent,False,18.0
peer_2,575.71,peer_2,22666,peer_1,443,p2p_coord,64,sent,False,0.0
peer_2,578.03,peer_6,54872,peer_2,22666,p2p_coord,64,received,False,6.7
peer_2,578.37,peer_2,6963,Server,443,heartbeat,32,sent,False,0.0
peer_2,583.15,peer_2,443,Server,8080,SYN,60,sent,False,0.0
peer_2,583.35,peer_2,22666,Server,8080,DATA_REQ,128,sent,False,0.0
peer_2,583.30,Server,80,peer_2,443,SYN-ACK,60,received,False,6.7
peer_2,583.50,Server,80,peer_2,22666,DATA_RESP,1024,received,False,6.7
peer_2,583.83,peer_2,6963,Server,8080,FIN,60,sent,False,0.0
peer_2,584.35,peer_2,80,Server,8080,udp_generic,194,sent,False,0.0
peer_2,584.45,Server,80,peer_2,443,fw_fragment,1400,received,False,20.0
peer_2,584.47,Server,8080,peer_2,443,fw_fragment,1400,received,False,80.0
peer_2,584.49,Server,443,peer_2,443,fw_fragment,1400,received,False,93.3
peer_2,584.51,Server,8080,peer_2,443,fw_fragment,1400,received,False,86.7
peer_2,584.53,Server,443,peer_2,443,fw_fragment,1400,received,False,80.0
peer_2,584.55,Server,80,peer_2,443,fw_fragment,1400,received,False,73.3
peer_2,584.57,Server,80,peer_2,443,fw_fragment,1400,received,False,66.7
peer_2,584.59,Server,8080,peer_2,443,fw_fragment,1400,received,False,60.0
peer_2,584.61,Server,80,peer_2,443,fw_fragment,1400,received,False,53.3
peer_2,584.63,Server,443,peer_2,443,fw_fragment,1400,received,False,46.7
peer_2,584.65,Server,443,peer_2,443,fw_fragment,1400,received,False,40.0
peer_2,584.67,Server,80,peer_2,443,fw_fragment,1400,received,False,33.3
peer_2,584.69,Server,8080,peer_2,443,fw_fragment,1400,received,False,26.7
peer_2,584.71,Server,80,peer_2,443,fw_fragment,1400,received,False,20.0
peer_2,584.73,Server,8080,peer_2,443,fw_fragment,1400,received,False,13.3
peer_2,584.75,Server,443,peer_2,443,fw_fragment,1400,received,False,6.7
peer_2,588.79,peer_2,443,peer_6,443,p2p_coord,64,sent,False,0.0
peer_2,595.28,peer_2,22666,Server,8080,udp_generic,244,sent,False,0.0
peer_2,597.88,peer_2,6963,Server,443,heartbeat,32,sent,False,2.0
peer_2,598.78,peer_2,443,Server,8080,p2p_coord,64,sent,False,0.0
peer_2,602.02,peer_6,54872,peer_2,80,p2p_coord,64,received,False,6.7
peer_2,605.97,peer_4,23252,peer_2,20747,p2p_coord,64,received,False,6.7
peer_2,607.21,peer_2,6963,peer_6,54872,p2p_coord,64,sent,False,0.0
peer_2,608.93,peer_2,22666,Server,8080,udp_generic,150,sent,False,68.0
peer_2,613.85,peer_2,443,Server,443,heartbeat,32,sent,False,0.0
peer_2,616.52,peer_2,20747,Server,8080,SYN,60,sent,False,0.0
peer_2,616.72,peer_2,22666,Server,8080,DATA_REQ,128,sent,False,2.0
peer_2,616.70,Server,80,peer_2,20747,SYN-ACK,60,received,False,6.7
peer_2,617.02,peer_2,20747,Server,8080,DATA_REQ,128,sent,False,2.0
peer_2,616.90,Server,443,peer_2,22666,DATA_RESP,1024,received,False,6.7
peer_2,617.20,Server,443,peer_2,20747,DATA_RESP,1024,received,False,6.7
peer_2,617.61,peer_2,6963,Server,8080,FIN,60,sent,False,0.0
peer_2,621.05,peer_6,56231,peer_2,443,p2p_coord,64,received,False,6.7
peer_2,623.86,peer_2,443,Server,8080,udp_generic,231,sent,False,0.0
peer_2,625.00,peer_2,20747,peer_6,80,p2p_coord,64,sent,False,0.0
peer_2,627.52,peer_5,44444,peer_2,80,p2p_coord,64,received,False,6.7
peer_2,632.24,peer_2,22666,Server,443,heartbeat,32,sent,False,0.0
peer_2,636.17,peer_4,443,peer_2,443,p2p_coord,64,received,False,6.7
peer_2,637.58,peer_2,6963,Server,8080,udp_generic,149,sent,False,0.0
peer_2,638.84,peer_6,443,peer_2,6963,p2p_coord,64,received,False,6.7
peer_2,639.92,peer_2,80,peer_1,443,p2p_coord,64,sent,False,0.0
peer_2,645.89,Server,8080,peer_2,22666,p2p_coord,64,received,False,6.7
peer_2,649.90,peer_2,80,Server,443,heartbeat,32,sent,False,6.0
peer_2,650.05,peer_2,80,Server,8080,SYN,60,sent,False,4.0
peer_2,650.25,peer_2,6963,Server,8080,DATA_REQ,128,sent,False,4.0
peer_2,650.29,peer_2,20747,peer_1,443,p2p_coord,64,sent,False,0.0
peer_2,650.30,Server,80,peer_2,80,SYN-ACK,60,received,False,6.7
peer_2,650.63,peer_2,80,Server,8080,DATA_REQ,128,sent,False,4.0
peer_2,650.50,Server,443,peer_2,6963,DATA_RESP,1024,received,False,6.7
peer_2,651.02,peer_2,20747,Server,8080,udp_generic,211,sent,False,16.0
peer_2,650.90,Server,443,peer_2,80,DATA_RESP,1024,received,False,6.7
peer_2,651.37,peer_2,22666,Server,8080,DATA_REQ,128,sent,False,26.0
peer_2,651.92,peer_2,20747,Server,8080,FIN,60,sent,False,38.0
peer_2,652.70,Server,8080,peer_2,22666,DATA_RESP,1024,received,False,6.7
peer_2,661.02,peer_2,6963,Server,8080,udp_generic,114,sent,False,0.0
peer_2,664.85,peer_4,443,peer_2,80,p2p_coord,64,received,False,6.7
peer_2,665.68,peer_2,6963,Server,443,heartbeat,32,sent,False,0.0
peer_2,668.03,peer_2,6963,Server,8080,p2p_coord,64,sent,False,0.0
peer_2,673.44,peer_6,19965,peer_2,20747,p2p_coord,64,received,False,6.7
peer_2,674.32,peer_2,20747,Server,8080,udp_generic,116,sent,False,0.0
peer_2,675.55,peer_5,80,peer_2,80,p2p_coord,64,received,False,6.7
peer_2,676.73,peer_2,6963,Server,80,p2p_coord,64,sent,False,0.0
peer_2,685.13,peer_2,80,Server,443,heartbeat,32,sent,False,28.0
peer_2,685.57,peer_2,80,Server,8080,udp_generic,241,sent,False,44.0
peer_2,691.30,peer_2,20747,Server,8080,SYN,60,sent,False,48.0
peer_2,691.50,peer_2,443,Server,8080,DATA_REQ,128,sent,False,48.0
peer_2,692.01,peer_2,22666,Server,8080,DATA_REQ,128,sent,False,40.0
peer_2,692.39,peer_2,22666,Server,8080,DATA_REQ,128,sent,False,36.0
peer_2,692.79,peer_5,62479,peer_2,443,p2p_coord,64,received,False,6.7
peer_2,693.07,peer_2,20747,Server,8080,DATA_REQ,128,sent,False,24.0
peer_2,693.70,peer_2,22666,Server,8080,FIN,60,sent,False,12.0
peer_2,693.80,Server,80,peer_2,20747,SYN-ACK,60,received,False,6.7
peer_2,694.00,Server,8080,peer_2,443,DATA_RESP,1024,received,False,6.7
peer_2,694.10,Server,80,peer_2,22666,DATA_RESP,1024,received,False,13.3
peer_2,694.20,Server,443,peer_2,22666,DATA_RESP,1024,received,False,13.3
peer_2,694.30,Server,443,peer_2,20747,DATA_RESP,1024,received,False,6.7
peer_2,697.18,peer_2,80,Server,8080,udp_generic,227,sent,False,0.0
peer_2,700.14,peer_2,443,Server,80,p2p_coord,64,sent,False,0.0
peer_2,702.41,peer_2,6963,Server,443,heartbeat,32,sent,False,0.0
peer_2,705.24,peer_6,443,peer_2,20747,p2p_coord,64,received,False,6.7
peer_2,709.62,peer_2,6963,Server,8080,udp_generic,210,sent,False,0.0
peer_2,709.63,peer_2,22666,peer_6,80,p2p_coord,64,sent,False,0.0
peer_2,715.00,peer_5,80,peer_2,443,p2p_coord,64,received,False,6.7
peer_2,716.42,peer_6,56231,peer_2,22666,p2p_coord,64,received,False,6.7
peer_2,718.47,peer_2,22666,Server,443,heartbeat,32,sent,False,0.0
peer_2,720.22,peer_2,20747,Server,8080,udp_generic,158,sent,False,18.0
peer_2,725.16,peer_2,443,peer_1,443,p2p_coord,64,sent,False,0.0
peer_2,727.98,peer_4,23210,peer_2,6963,p2p_coord,64,received,False,6.7
peer_2,730.13,peer_2,80,Server,8080,SYN,60,sent,False,28.0
peer_2,730.33,peer_2,443,Server,8080,DATA_REQ,128,sent,False,26.0
peer_2,730.41,peer_6,56231,peer_2,443,p2p_coord,64,received,False,6.7
peer_2,730.96,peer_2,80,Server,8080,FIN,60,sent,False,16.0
peer_2,731.60,Server,80,peer_2,80,SYN-ACK,60,received,False,6.7
peer_2,731.70,Server,8080,peer_2,443,DATA_RESP,1024,received,False,6.7
peer_2,733.38,peer_2,443,Server,8080,udp_generic,185,sent,False,2.0
peer_2,734.70,peer_2,443,Server,443,heartbeat,32,sent,False,0.0
peer_2,737.49,peer_4,80,peer_2,443,p2p_coord,64,received,False,6.7
peer_2,741.47,peer_6,80,peer_2,6963,p2p_coord,64,received,False,6.7
peer_2,742.80,peer_2,20747,Server,443,p2p_coord,64,sent,False,2.0
peer_2,743.54,peer_2,443,Server,8080,udp_generic,131,sent,False,0.0
peer_2,743.60,peer_5,62479,peer_2,443,p2p_coord,64,received,False,6.7
peer_2,750.29,peer_2,443,Server,443,heartbeat,32,sent,False,0.0
peer_2,750.75,peer_6,54872,peer_2,22666,p2p_coord,64,received,False,6.7
peer_2,753.56,peer_2,6963,Server,8080,udp_generic,172,sent,False,0.0
peer_2,756.91,peer_2,20747,Server,80,p2p_coord,64,sent,False,0.0
peer_2,757.52,peer_2,443,Server,8080,SYN,60,sent,False,0.0
peer_2,757.72,peer_2,80,Server,8080,DATA_REQ,128,sent,False,0.0
peer_2,757.70,Server,8080,peer_2,443,SYN-ACK,60,received,False,6.7
peer_2,757.90,Server,80,peer_2,80,DATA_RESP,1024,received,False,6.7
peer_2,758.45,peer_2,20747,Server,8080,FIN,60,sent,False,0.0
peer_2,758.60,peer_4,23210,peer_2,443,p2p_coord,64,received,False,6.7
peer_2,765.74,peer_2,22666,peer_1,21852,p2p_coord,64,sent,False,0.0
peer_2,768.22,peer_2,20747,Server,8080,udp_generic,127,sent,False,0.0
peer_2,768.30,peer_2,443,Server,443,heartbeat,32,sent,False,2.0
peer_2,780.04,peer_2,6963,Server,8080,udp_generic,144,sent,False,0.0
peer_2,780.23,peer_2,20747,peer_6,56231,p2p_coord,64,sent,False,0.0
peer_2,785.84,peer_6,56231,peer_2,6963,p2p_coord,64,received,False,6.7
peer_2,786.89,peer_2,6963,Server,443,heartbeat,32,sent,False,0.0
peer_2,793.18,peer_2,443,peer_1,8643,p2p_coord,64,sent,False,0.0
peer_2,793.42,peer_2,20747,Server,8080,udp_generic,107,sent,False,0.0
peer_2,794.00,peer_2,443,Server,8080,SYN,60,sent,False,0.0
peer_2,794.20,peer_2,6963,Server,8080,DATA_REQ,128,sent,False,0.0
peer_2,794.20,Server,80,peer_2,443,SYN-ACK,60,received,False,6.7
peer_2,794.40,Server,443,peer_2,6963,DATA_RESP,1024,received,False,6.7
peer_2,794.73,peer_2,6963,Server,8080,DATA_REQ,128,sent,False,0.0
peer_2,794.90,Server,8080,peer_2,6963,DATA_RESP,1024,received,False,6.7
peer_2,795.27,peer_2,22666,Server,8080,FIN,60,sent,False,0.0
peer_2,801.46,peer_2,20747,peer_6,443,p2p_coord,64,sent,False,0.0
peer_2,803.43,peer_2,20747,Server,8080,udp_generic,226,sent,False,28.0
peer_2,804.72,peer_2,20747,Server,443,heartbeat,32,sent,False,60.0
peer_2,815.17,peer_5,28115,peer_2,22666,p2p_coord,64,received,False,6.7
peer_2,815.61,peer_2,22666,peer_1,57975,p2p_coord,64,sent,False,0.0
peer_2,815.99,peer_2,22666,Server,8080,udp_generic,182,sent,False,22.0
peer_2,820.83,peer_2,80,Server,8080,SYN,60,sent,False,0.0
peer_2,821.03,peer_2,20747,Server,8080,DATA_REQ,128,sent,False,0.0
peer_2,821.00,Server,80,peer_2,80,SYN-ACK,60,received,False,6.7
peer_2,821.20,Server,443,peer_2,20747,DATA_RESP,1024,received,False,6.7
peer_2,821.68,peer_2,443,Server,8080,DATA_REQ,128,sent,False,0.0
peer_2,822.09,peer_2,80,Server,8080,DATA_REQ,128,sent,False,0.0
peer_2,821.80,Server,443,peer_2,443,DATA_RESP,1024,received,False,6.7
peer_2,822.20,Server,443,peer_2,80,DATA_RESP,1024,received,False,6.7
peer_2,822.52,peer_2,6963,Server,8080,DATA_REQ,128,sent,False,0.0
peer_2,822.70,Server,80,peer_2,6963,DATA_RESP,1024,received,False,6.7
peer_2,823.16,peer_2,443,Server,8080,FIN,60,sent,False,2.0
peer_2,824.23,peer_2,80,Server,443,heartbeat,32,sent,False,0.0
peer_2,828.84,peer_2,20747,Server,8080,udp_generic,149,sent,False,2.0
peer_2,830.04,peer_6,56231,peer_2,20747,p2p_coord,64,received,False,6.7
peer_2,832.16,peer_2,22666,peer_6,19965,p2p_coord,64,sent,False,0.0
peer_2,839.96,peer_5,44444,peer_2,6963,p2p_coord,64,received,False,6.7
peer_2,841.55,peer_2,22666,peer_6,19965,p2p_coord,64,sent,False,0.0
peer_2,843.00,peer_2,443,Server,443,heartbeat,32,sent,False,36.0
peer_2,843.55,peer_2,6963,Server,8080,udp_generic,115,sent,False,26.0
peer_2,844.23,peer_6,54872,peer_2,20747,p2p_coord,64,received,False,6.7
peer_2,849.94,Server,443,peer_2,443,fw_fragment,1400,received,False,20.0
peer_2,849.96,Server,443,peer_2,443,fw_fragment,1400,received,False,80.0
peer_2,850.53,peer_2,20747,Server,80,p2p_coord,64,sent,False,0.0
peer_2,849.98,Server,80,peer_2,443,fw_fragment,1400,received,False,93.3
peer_2,850.00,Server,8080,peer_2,443,fw_fragment,1400,received,False,86.7
peer_2,850.02,Server,443,peer_2,443,fw_fragment,1400,received,False,80.0
peer_2,850.04,Server,443,peer_2,443,fw_fragment,1400,received,False,73.3
peer_2,850.06,Server,443,peer_2,443,fw_fragment,1400,received,False,66.7
peer_2,850.08,Server,443,peer_2,443,fw_fragment,1400,received,False,60.0
peer_2,850.10,Server,443,peer_2,443,fw_fragment,1400,received,False,53.3
peer_2,850.12,Server,80,peer_2,443,fw_fragment,1400,received,False,46.7
peer_2,850.14,Server,8080,peer_2,443,fw_fragment,1400,received,False,40.0
peer_2,850.16,Server,8080,peer_2,443,fw_fragment,1400,received,False,33.3
peer_2,850.18,Server,80,peer_2,443,fw_fragment,1400,received,False,26.7
peer_2,850.20,Server,8080,peer_2,443,fw_fragment,1400,received,False,20.0
peer_2,850.22,Server,8080,peer_2,443,fw_fragment,1400,received,False,13.3
peer_2,850.24,Server,8080,peer_2,443,fw_fragment,1400,received,False,6.7
peer_2,853.81,peer_4,23210,peer_2,6963,p2p_coord,64,received,False,6.7
peer_2,857.50,peer_2,20747,Server,8080,udp_generic,222,sent,False,50.0
peer_2,859.86,peer_2,22666,peer_6,19965,p2p_coord,64,sent,False,0.0
peer_2,860.18,peer_2,80,Server,443,heartbeat,32,sent,False,2.0
peer_2,862.64,peer_2,22666,Server,8080,SYN,60,sent,False,0.0
peer_2,862.84,peer_2,22666,Server,8080,DATA_REQ,128,sent,False,0.0
peer_2,862.80,Server,8080,peer_2,22666,SYN-ACK,60,received,False,6.7
peer_2,863.00,Server,8080,peer_2,22666,DATA_RESP,1024,received,False,6.7
peer_2,863.36,peer_2,20747,Server,8080,DATA_REQ,128,sent,False,0.0
peer_2,863.50,Server,443,peer_2,20747,DATA_RESP,1024,received,False,6.7
peer_2,863.93,peer_2,6963,Server,8080,FIN,60,sent,False,0.0
peer_2,864.47,peer_5,443,peer_2,6963,p2p_coord,64,received,False,6.7
peer_2,867.62,peer_6,443,peer_2,20747,p2p_coord,64,received,False,6.7
peer_2,869.62,peer_2,443,Server,8080,udp_generic,147,sent,False,0.0
peer_2,870.65,peer_2,6963,Server,80,p2p_coord,64,sent,False,0.0
peer_2,874.06,peer_5,80,peer_2,6963,p2p_coord,64,received,False,6.7
peer_2,875.91,peer_2,80,Server,443,heartbeat,32,sent,False,46.0
peer_2,881.77,peer_2,20747,Server,8080,udp_generic,213,sent,False,0.0
peer_2,882.84,peer_2,20747,peer_6,443,p2p_coord,64,sent,False,0.0
peer_2,894.40,peer_2,6963,Server,443,heartbeat,32,sent,False,28.0
peer_2,894.62,peer_2,80,Server,443,p2p_coord,64,sent,False,26.0
peer_2,895.04,peer_2,443,Server,8080,SYN,60,sent,False,22.0
peer_2,895.24,peer_2,443,Server,8080,DATA_REQ,128,sent,False,20.0
peer_2,895.89,peer_2,6963,Server,8080,udp_generic,100,sent,False,12.0
peer_2,896.01,peer_2,20747,Server,8080,DATA_REQ,128,sent,False,12.0
peer_2,896.38,peer_2,6963,Server,8080,DATA_REQ,128,sent,False,8.0
peer_2,896.20,Server,80,peer_2,443,SYN-ACK,60,received,False,6.7
peer_2,896.68,peer_2,6963,Server,8080,DATA_REQ,128,sent,False,4.0
peer_2,896.30,Server,443,peer_2,443,DATA_RESP,1024,received,False,6.7
peer_2,896.70,Server,443,peer_2,20747,DATA_RESP,1024,received,False,6.7
peer_2,896.80,Server,443,peer_2,6963,DATA_RESP,1024,received,False,13.3
peer_2,896.90,Server,8080,peer_2,6963,DATA_RESP,1024,received,False,6.7
peer_2,897.44,peer_2,20747,Server,8080,FIN,60,sent,False,0.0
peer_2,901.61,peer_4,443,peer_2,20747,p2p_coord,64,received,False,6.7
peer_2,904.27,peer_2,22666,Server,80,p2p_coord,64,sent,False,0.0
peer_2,909.05,peer_2,20747,Server,8080,udp_generic,227,sent,False,0.0
peer_2,910.54,peer_2,80,Server,443,heartbeat,32,sent,False,0.0
peer_2,916.25,peer_4,23252,peer_2,443,p2p_coord,64,received,False,6.7
peer_2,917.24,peer_6,54872,peer_2,22666,p2p_coord,64,received,False,6.7
peer_2,919.13,peer_2,22666,Server,80,p2p_coord,64,sent,False,10.0
peer_2,922.22,peer_2,80,Server,8080,udp_generic,242,sent,False,0.0
peer_2,924.35,peer_4,23252,peer_2,6963,p2p_coord,64,received,False,6.7
peer_2,925.74,peer_2,22666,Server,8080,SYN,60,sent,False,46.0
peer_2,925.94,peer_2,443,Server,8080,DATA_REQ,128,sent,False,52.0
peer_2,926.48,peer_2,22666,Server,8080,FIN,60,sent,False,66.0
peer_2,928.10,Server,443,peer_2,22666,SYN-ACK,60,received,False,6.7
peer_2,928.41,peer_2,80,Server,443,heartbeat,32,sent,False,48.0
peer_2,928.60,Server,8080,peer_2,443,DATA_RESP,1024,received,False,6.7
peer_2,934.86,peer_2,443,Server,8080,p2p_coord,64,sent,False,0.0
peer_2,937.22,peer_2,443,Server,8080,udp_generic,151,sent,False,0.0
peer_2,942.88,peer_2,80,peer_1,80,p2p_coord,64,sent,False,0.0
peer_2,947.94,peer_2,80,Server,443,heartbeat,32,sent,False,0.0
peer_2,949.98,peer_2,443,Server,8080,udp_generic,227,sent,False,0.0
peer_2,953.15,peer_2,20747,Server,8080,SYN,60,sent,False,0.0
peer_2,953.35,peer_2,6963,Server,8080,DATA_REQ,128,sent,False,0.0
peer_2,953.30,Server,80,peer_2,20747,SYN-ACK,60,received,False,6.7
peer_2,953.50,Server,80,peer_2,6963,DATA_RESP,1024,received,False,6.7
peer_2,953.81,peer_2,80,Server,8080,FIN,60,sent,False,0.0
peer_2,958.37,peer_2,22666,Server,80,p2p_coord,64,sent,False,2.0
peer_2,960.17,peer_5,80,peer_2,20747,p2p_coord,64,received,False,6.7
peer_2,963.52,peer_2,6963,Server,443,heartbeat,32,sent,False,0.0
peer_2,963.59,peer_2,20747,Server,8080,udp_generic,215,sent,False,2.0
peer_2,968.89,peer_6,19965,peer_2,80,p2p_coord,64,received,False,6.7
peer_2,975.50,peer_2,80,peer_1,8643,p2p_coord,64,sent,False,0.0
peer_2,975.92,peer_2,443,Server,8080,udp_generic,123,sent,False,62.0
peer_2,980.36,peer_2,80,Server,8080,SYN,60,sent,False,0.0
peer_2,980.56,peer_2,20747,Server,8080,DATA_REQ,128,sent,False,0.0
peer_2,980.50,Server,80,peer_2,80,SYN-ACK,60,received,False,6.7
peer_2,980.95,peer_2,22666,Server,8080,DATA_REQ,128,sent,False,0.0
peer_2,980.70,Server,8080,peer_2,20747,DATA_RESP,1024,received,False,6.7
peer_2,981.10,Server,443,peer_2,22666,DATA_RESP,1024,received,False,6.7
peer_2,981.59,peer_2,6963,Server,8080,DATA_REQ,128,sent,False,0.0
peer_2,981.91,peer_2,443,Server,443,heartbeat,32,sent,False,0.0
peer_2,981.70,Server,80,peer_2,6963,DATA_RESP,1024,received,False,6.7
peer_2,982.03,peer_2,20747,Server,8080,DATA_REQ,128,sent,False,2.0
peer_2,982.20,Server,80,peer_2,20747,DATA_RESP,1024,received,False,6.7
peer_2,982.63,peer_2,443,Server,8080,FIN,60,sent,False,2.0
peer_2,989.95,peer_2,20747,Server,8080,udp_generic,116,sent,False,0.0
peer_2,993.36,peer_2,6963,Server,80,p2p_coord,64,sent,False,0.0
peer_2,997.73,peer_4,23210,peer_2,20747,p2p_coord,64,received,False,6.7
peer_2,1001.36,peer_2,20747,Server,8080,udp_generic,243,sent,False,0.0
peer_2,1001.61,peer_2,6963,Server,443,heartbeat,32,sent,False,0.0
peer_2,1005.90,peer_5,62479,peer_2,443,p2p_coord,64,received,False,6.7
peer_2,1010.96,peer_2,22666,Server,80,p2p_coord,64,sent,False,8.0
peer_2,1013.16,peer_2,443,Server,8080,SYN,60,sent,False,0.0
peer_2,1013.36,peer_2,80,Server,8080,DATA_REQ,128,sent,False,0.0
peer_2,1013.30,Server,8080,peer_2,443,SYN-ACK,60,received,False,6.7
peer_2,1013.50,Server,8080,peer_2,80,DATA_RESP,1024,received,False,6.7
peer_2,1013.85,peer_2,443,Server,8080,DATA_REQ,128,sent,False,0.0
peer_2,1014.00,Server,443,peer_2,443,DATA_RESP,1024,received,False,6.7
peer_2,1014.38,peer_2,20747,Server,8080,FIN,60,sent,False,0.0
peer_2,1015.20,peer_2,20747,Server,8080,udp_generic,135,sent,False,2.0
peer_2,1019.28,peer_2,20747,Server,443,heartbeat,32,sent,False,38.0
peer_2,1019.50,peer_5,80,peer_2,20747,p2p_coord,64,received,False,6.7
peer_2,1027.78,peer_2,6963,peer_1,8643,p2p_coord,64,sent,False,0.0
peer_2,1028.41,Server,8080,peer_2,443,fw_fragment,1400,received,False,33.3
peer_2,1028.75,peer_2,443,Server,8080,udp_generic,111,sent,False,0.0
peer_2,1028.43,Server,8080,peer_2,443,fw_fragment,1400,received,False,93.3
peer_2,1028.45,Server,80,peer_2,443,fw_fragment,1400,received,False,93.3
peer_2,1028.47,Server,443,peer_2,443,fw_fragment,1400,received,False,86.7
peer_2,1028.49,Server,443,peer_2,443,fw_fragment,1400,received,False,80.0
peer_2,1028.51,Server,80,peer_2,443,fw_fragment,1400,received,False,73.3
peer_2,1028.53,Server,80,peer_2,443,fw_fragment,1400,received,False,66.7
peer_2,1028.55,Server,8080,peer_2,443,fw_fragment,1400,received,False,60.0
peer_2,1028.57,Server,80,peer_2,443,fw_fragment,1400,received,False,53.3
peer_2,1028.59,Server,443,peer_2,443,fw_fragment,1400,received,False,46.7
peer_2,1028.61,Server,443,peer_2,443,fw_fragment,1400,received,False,40.0
peer_2,1028.63,Server,80,peer_2,443,fw_fragment,1400,received,False,33.3
peer_2,1028.65,Server,8080,peer_2,443,fw_fragment,1400,received,False,26.7
peer_2,1028.67,Server,8080,peer_2,443,fw_fragment,1400,received,False,20.0
peer_2,1028.69,Server,443,peer_2,443,fw_fragment,1400,received,False,13.3
peer_2,1028.71,Server,443,peer_2,443,fw_fragment,1400,received,False,6.7
peer_2,1034.34,peer_4,80,peer_2,80,p2p_coord,64,received,False,6.7
peer_2,1036.64,peer_2,6963,Server,443,heartbeat,32,sent,False,0.0
peer_2,1039.50,peer_2,20747,peer_6,19965,p2p_coord,64,sent,False,0.0
peer_2,1041.18,peer_2,443,Server,8080,udp_generic,235,sent,False,0.0
peer_2,1043.85,peer_4,80,peer_2,6963,p2p_coord,64,received,False,6.7
peer_2,1046.49,Server,443,peer_2,6963,p2p_coord,64,received,False,6.7
peer_2,1048.37,peer_2,443,Server,8080,SYN,60,sent,False,2.0
peer_2,1048.57,peer_2,6963,Server,8080,DATA_REQ,128,sent,False,2.0
peer_2,1048.60,Server,443,peer_2,443,SYN-ACK,60,received,False,6.7
peer_2,1048.70,Server,80,peer_2,6963,DATA_RESP,1024,received,False,6.7
peer_2,1049.02,peer_2,6963,Server,8080,FIN,60,sent,False,0.0
peer_2,1049.62,peer_5,44444,peer_2,80,p2p_coord,64,received,False,6.7
peer_2,1050.84,peer_2,6963,peer_1,80,p2p_coord,64,sent,False,0.0
peer_2,1052.37,peer_2,22666,Server,443,heartbeat,32,sent,False,2.0
peer_2,1053.72,peer_4,443,peer_2,20747,p2p_coord,64,received,False,6.7
peer_2,1054.22,peer_6,54872,peer_2,80,p2p_coord,64,received,False,6.7
peer_2,1054.74,peer_2,6963,Server,8080,udp_generic,175,sent,False,0.0
peer_2,1061.41,peer_2,80,peer_1,57975,p2p_coord,64,sent,False,0.0
peer_2,1065.98,peer_2,22666,Server,8080,udp_generic,254,sent,False,46.0
peer_2,1071.02,peer_2,6963,Server,443,heartbeat,32,sent,False,2.0
peer_2,1073.10,peer_2,443,peer_1,8643,p2p_coord,64,sent,False,0.0
peer_2,1076.90,peer_2,22666,Server,8080,udp_generic,244,sent,False,0.0
peer_2,1081.18,peer_2,443,Server,8080,SYN,60,sent,False,0.0
peer_2,1081.38,peer_2,443,Server,8080,DATA_REQ,128,sent,False,2.0
peer_2,1081.30,Server,443,peer_2,443,SYN-ACK,60,received,False,6.7
peer_2,1081.50,Server,80,peer_2,443,DATA_RESP,1024,received,False,6.7
peer_2,1081.73,peer_2,443,Server,8080,DATA_REQ,128,sent,False,0.0
peer_2,1081.90,Server,443,peer_2,443,DATA_RESP,1024,received,False,6.7
peer_2,1082.32,peer_2,6963,Server,8080,DATA_REQ,128,sent,False,0.0
peer_2,1082.50,Server,8080,peer_2,6963,DATA_RESP,1024,received,False,6.7
peer_2,1083.10,peer_2,22666,Server,8080,DATA_REQ,128,sent,False,0.0
peer_2,1083.20,Server,8080,peer_2,22666,DATA_RESP,1024,received,False,6.7
peer_2,1083.43,peer_2,80,Server,8080,FIN,60,sent,False,0.0
peer_2,1089.86,peer_2,20747,Server,443,heartbeat,32,sent,False,0.0
peer_2,1090.33,peer_2,22666,peer_6,56231,p2p_coord,64,sent,False,0.0
peer_2,1091.88,peer_2,20747,Server,8080,udp_generic,142,sent,False,0.0
peer_2,1106.33,peer_2,6963,Server,8080,udp_generic,206,sent,False,0.0
peer_2,1107.73,peer_2,443,peer_6,56231,p2p_coord,64,sent,False,0.0
peer_2,1109.32,peer_2,443,Server,443,heartbeat,32,sent,False,98.0
peer_2,1111.09,peer_2,20747,Server,8080,DATA_REQ,128,sent,False,88.0
peer_2,1111.62,peer_2,20747,Server,8080,DATA_REQ,128,sent,False,78.0
peer_2,1112.00,peer_2,20747,Server,8080,DATA_REQ,128,sent,False,72.0
peer_2,1112.40,peer_2,443,Server,8080,FIN,60,sent,False,66.0
peer_2,1115.50,Server,443,peer_2,20747,DATA_RESP,1024,received,False,6.7
peer_2,1115.60,Server,8080,peer_2,20747,DATA_RESP,1024,received,False,13.3
peer_2,1115.70,Server,8080,peer_2,20747,DATA_RESP,1024,received,False,6.7
peer_2,1119.70,peer_2,80,Server,8080,udp_generic,113,sent,False,0.0
peer_2,1122.54,peer_2,443,peer_6,80,p2p_coord,64,sent,False,0.0
peer_2,1125.86,peer_2,443,Server,443,heartbeat,32,sent,False,0.0
peer_2,1126.58,peer_6,80,peer_2,20747,p2p_coord,64,received,False,6.7
peer_2,1129.98,peer_2,20747,Server,8080,udp_generic,127,sent,False,2.0
peer_2,1131.88,peer_5,80,peer_2,20747,p2p_coord,64,received,False,6.7
peer_2,1133.97,peer_2,20747,peer_1,80,p2p_coord,64,sent,False,0.0
peer_2,1134.72,peer_6,443,peer_2,22666,p2p_coord,64,received,False,6.7
peer_2,1140.38,peer_2,6963,Server,8080,SYN,60,sent,False,0.0
peer_2,1140.58,peer_2,443,Server,8080,DATA_REQ,128,sent,False,4.0
peer_2,1140.44,Server,8080,peer_2,6963,p2p_coord,64,received,False,13.3
peer_2,1140.50,Server,80,peer_2,6963,SYN-ACK,60,received,False,6.7
peer_2,1140.80,Server,443,peer_2,443,DATA_RESP,1024,received,False,6.7
peer_2,1141.32,peer_2,6963,Server,8080,DATA_REQ,128,sent,False,0.0
peer_2,1141.50,Server,8080,peer_2,6963,DATA_RESP,1024,received,False,6.7
peer_2,1141.80,peer_2,22666,Server,8080,DATA_REQ,128,sent,False,0.0
peer_2,1142.00,Server,443,peer_2,22666,DATA_RESP,1024,received,False,6.7
peer_2,1142.41,peer_2,22666,Server,8080,FIN,60,sent,False,0.0
peer_2,1142.52,peer_2,80,Server,443,heartbeat,32,sent,False,2.0
peer_2,1143.90,peer_2,20747,Server,8080,udp_generic,178,sent,False,0.0
peer_2,1148.78,peer_4,23210,peer_2,22666,p2p_coord,64,received,False,6.7
peer_2,1148.97,peer_6,443,peer_2,20747,p2p_coord,64,received,False,6.7
peer_2,1151.52,peer_2,6963,Server,80,p2p_coord,64,sent,False,30.0
peer_2,1154.70,peer_2,80,Server,8080,udp_generic,161,sent,False,46.0
peer_2,1160.65,peer_2,22666,Server,443,heartbeat,32,sent,False,0.0
peer_2,1161.21,peer_4,80,peer_2,20747,p2p_coord,64,received,False,6.7
peer_2,1165.51,peer_2,22666,Server,8080,udp_generic,174,sent,False,0.0
peer_2,1169.46,peer_2,20747,peer_1,57975,p2p_coord,64,sent,False,0.0
peer_2,1177.28,peer_2,443,Server,8080,udp_generic,104,sent,False,0.0
peer_2,1179.53,peer_2,80,Server,443,heartbeat,32,sent,False,0.0
peer_2,1181.08,peer_2,80,Server,8080,SYN,60,sent,False,0.0
peer_2,1181.28,peer_2,20747,Server,8080,DATA_REQ,128,sent,False,0.0
peer_2,1181.20,Server,443,peer_2,80,SYN-ACK,60,received,False,6.7
peer_2,1181.40,Server,8080,peer_2,20747,DATA_RESP,1024,received,False,6.7
peer_2,1181.75,peer_2,80,Server,8080,FIN,60,sent,False,0.0
peer_2,1187.14,peer_2,22666,Server,443,p2p_coord,64,sent,False,2.0
peer_2,1190.00,peer_2,22666,Server,8080,udp_generic,229,sent,False,32.0
peer_2,1195.86,peer_2,22666,Server,443,heartbeat,32,sent,False,66.0
peer_2,1201.96,peer_2,6963,Server,8080,udp_generic,124,sent,False,0.0
peer_2,1202.31,peer_2,20747,peer_6,19965,p2p_coord,64,sent,False,0.0
peer_2,1207.32,peer_4,443,peer_2,443,p2p_coord,64,received,False,6.7
peer_2,1212.06,peer_2,6963,Server,443,heartbeat,32,sent,False,2.0
peer_2,1214.20,peer_2,6963,Server,8080,udp_generic,253,sent,False,0.0
peer_2,1215.94,peer_2,22666,peer_6,56231,p2p_coord,64,sent,False,0.0
peer_2,1216.39,peer_6,56231,peer_2,80,p2p_coord,64,received,False,6.7
peer_2,1217.30,peer_2,80,Server,8080,SYN,60,sent,False,0.0
peer_2,1217.50,peer_2,80,Server,8080,DATA_REQ,128,sent,False,0.0
peer_2,1217.40,Server,80,peer_2,80,SYN-ACK,60,received,False,6.7
peer_2,1217.60,Server,8080,peer_2,80,DATA_RESP,1024,received,False,6.7
peer_2,1218.01,peer_2,80,Server,8080,DATA_REQ,128,sent,False,0.0
peer_2,1218.20,Server,8080,peer_2,80,DATA_RESP,1024,received,False,6.7
peer_2,1218.60,peer_2,443,Server,8080,DATA_REQ,128,sent,False,0.0
peer_2,1218.70,Server,8080,peer_2,443,DATA_RESP,1024,received,False,6.7
peer_2,1219.34,peer_2,20747,Server,8080,DATA_REQ,128,sent,False,0.0
peer_2,1219.50,Server,443,peer_2,20747,DATA_RESP,1024,received,False,6.7
peer_2,1219.97,peer_2,6963,Server,8080,FIN,60,sent,False,2.0
peer_2,1225.70,peer_2,6963,Server,8080,udp_generic,193,sent,False,0.0
peer_2,1226.84,Server,8080,peer_2,443,p2p_coord,64,received,False,6.7
peer_2,1228.02,peer_2,6963,Server,443,heartbeat,32,sent,False,0.0
peer_2,1231.67,peer_2,80,peer_1,80,p2p_coord,64,sent,False,0.0
peer_2,1234.11,peer_6,56231,peer_2,20747,p2p_coord,64,received,False,6.7
peer_2,1240.18,peer_2,6963,Server,8080,udp_generic,185,sent,False,4.0
peer_2,1243.59,peer_2,443,Server,443,p2p_coord,64,sent,False,2.0
peer_2,1244.26,peer_2,6963,Server,443,heartbeat,32,sent,False,0.0
peer_2,1252.40,peer_2,6963,Server,8080,udp_generic,150,sent,False,0.0
peer_2,1257.60,peer_2,20747,peer_1,8643,p2p_coord,64,sent,False,0.0
peer_2,1258.32,peer_2,22666,Server,8080,SYN,60,sent,False,0.0
peer_2,1258.52,peer_2,443,Server,8080,DATA_REQ,128,sent,False,0.0
peer_2,1258.50,Server,8080,peer_2,22666,SYN-ACK,60,received,False,6.7
peer_2,1258.70,Server,80,peer_2,443,DATA_RESP,1024,received,False,6.7
peer_2,1258.98,peer_2,6963,Server,8080,FIN,60,sent,False,0.0
peer_2,1261.70,peer_2,443,Server,443,heartbeat,32,sent,False,0.0
peer_2,1266.06,peer_2,80,Server,8080,udp_generic,256,sent,False,32.0
peer_2,1268.92,peer_6,80,peer_2,20747,p2p_coord,64,received,False,6.7
peer_2,1270.41,peer_2,443,peer_6,443,p2p_coord,64,sent,False,0.0
peer_2,1276.97,peer_2,22666,Server,443,heartbeat,32,sent,False,24.0
peer_2,1278.92,peer_2,22666,Server,8080,udp_generic,195,sent,False,46.0
peer_2,1279.50,peer_2,443,Server,8080,p2p_coord,64,sent,False,40.0
peer_2,1281.30,peer_6,19965,peer_2,22666,p2p_coord,64,received,False,6.7
peer_2,1286.08,peer_2,80,Server,8080,SYN,60,sent,False,0.0
peer_2,1286.28,peer_2,80,Server,8080,DATA_REQ,128,sent,False,0.0
peer_2,1286.20,Server,443,peer_2,80,SYN-ACK,60,received,False,6.7
peer_2,1286.40,Server,8080,peer_2,80,DATA_RESP,1024,received,False,6.7
peer_2,1286.68,peer_2,6963,Server,8080,DATA_REQ,128,sent,False,0.0
peer_2,1286.99,peer_2,443,Server,8080,DATA_REQ,128,sent,False,0.0
peer_2,1286.80,Server,443,peer_2,6963,DATA_RESP,1024,received,False,6.7
peer_2,1287.10,Server,443,peer_2,443,DATA_RESP,1024,received,False,6.7
peer_2,1287.73,peer_2,20747,Server,8080,FIN,60,sent,False,0.0
peer_2,1291.64,peer_2,80,Server,8080,udp_generic,198,sent,False,0.0
peer_2,1292.77,peer_2,22666,Server,443,heartbeat,32,sent,False,0.0
peer_2,1294.82,peer_2,443,Server,8080,p2p_coord,64,sent,False,0.0
peer_2,1301.49,peer_5,44444,peer_2,22666,p2p_coord,64,received,False,6.7
peer_2,1302.28,peer_4,443,peer_2,80,p2p_coord,64,received,False,6.7
peer_2,1303.35,peer_2,20747,peer_1,8643,p2p_coord,64,sent,False,0.0
peer_2,1304.41,peer_2,80,Server,8080,udp_generic,186,sent,False,0.0
peer_2,1308.13,peer_2,80,Server,443,heartbeat,32,sent,False,0.0
peer_2,1316.97,peer_2,20747,Server,8080,udp_generic,150,sent,False,96.0
peer_2,1318.90,peer_2,443,peer_1,8643,p2p_coord,64,sent,False,0.0
peer_2,1323.39,peer_2,6963,Server,8080,SYN,60,sent,False,0.0
peer_2,1323.59,peer_2,20747,Server,8080,DATA_REQ,128,sent,False,0.0
peer_2,1323.50,Server,8080,peer_2,6963,SYN-ACK,60,received,False,6.7
peer_2,1323.70,Server,443,peer_2,20747,DATA_RESP,1024,received,False,6.7
peer_2,1324.20,peer_2,443,Server,8080,DATA_REQ,128,sent,False,0.0
peer_2,1324.40,Server,80,peer_2,443,DATA_RESP,1024,received,False,6.7
peer_2,1325.00,peer_2,443,Server,8080,DATA_REQ,128,sent,False,0.0
peer_2,1325.20,Server,443,peer_2,443,DATA_RESP,1024,received,False,6.7
peer_2,1325.78,peer_2,443,Server,8080,FIN,60,sent,False,0.0
peer_2,1327.88,peer_2,6963,Server,443,heartbeat,32,sent,False,0.0
peer_2,1328.07,peer_2,20747,Server,8080,udp_generic,213,sent,False,0.0
peer_2,1331.31,peer_2,6963,peer_1,80,p2p_coord,64,sent,False,6.7
peer_2,1332.72,peer_6,54872,peer_2,20747,p2p_coord,64,received,False,6.7
peer_2,1339.40,peer_2,80,Server,8080,udp_generic,114,sent,False,0.0
peer_2,1340.77,peer_2,80,Server,8080,p2p_coord,64,sent,False,2.0
peer_2,1347.81,peer_2,22666,Server,443,heartbeat,32,sent,False,2.0
peer_2,1351.00,peer_2,22666,Server,8080,udp_generic,215,sent,False,58.0
peer_2,1353.27,peer_2,6963,Server,8080,SYN,60,sent,False,44.0
peer_2,1353.47,peer_2,80,Server,8080,DATA_REQ,128,sent,False,42.0
peer_2,1353.81,peer_2,443,Server,8080,DATA_REQ,128,sent,False,36.0
peer_2,1354.45,peer_2,443,Server,8080,DATA_REQ,128,sent,False,26.0
peer_2,1355.19,peer_2,80,Server,8080,DATA_REQ,128,sent,False,14.0
peer_2,1355.50,Server,443,peer_2,6963,SYN-ACK,60,received,False,6.7
peer_2,1355.85,peer_2,80,Server,80,p2p_coord,64,sent,False,4.0
peer_2,1355.60,Server,8080,peer_2,80,DATA_RESP,1024,received,False,13.3
peer_2,1355.93,peer_2,6963,Server,8080,FIN,60,sent,False,4.0
peer_2,1355.70,Server,443,peer_2,443,DATA_RESP,1024,received,False,20.0
peer_2,1355.80,Server,8080,peer_2,443,DATA_RESP,1024,received,False,13.3
peer_2,1355.90,Server,443,peer_2,80,DATA_RESP,1024,received,False,6.7
peer_2,1361.62,Server,443,peer_2,22666,p2p_coord,64,received,False,6.7
peer_2,1363.01,peer_2,6963,Server,443,heartbeat,32,sent,False,0.0
peer_2,1365.08,peer_2,443,Server,8080,udp_generic,251,sent,False,2.0
peer_2,1367.57,peer_5,28115,peer_2,443,p2p_coord,64,received,False,6.7
peer_2,1372.71,peer_2,22666,Server,8080,p2p_coord,64,sent,False,0.0
peer_2,1377.43,peer_2,20747,Server,8080,udp_generic,165,sent,False,0.0
peer_2,1381.04,peer_2,22666,Server,443,heartbeat,32,sent,False,0.0
peer_2,1381.86,peer_2,443,Server,8080,SYN,60,sent,False,0.0
peer_2,1382.06,peer_2,443,Server,8080,DATA_REQ,128,sent,False,2.0
peer_2,1382.00,Server,8080,peer_2,443,SYN-ACK,60,received,False,6.7
peer_2,1382.20,Server,80,peer_2,443,DATA_RESP,1024,received,False,6.7
peer_2,1382.70,peer_2,22666,Server,8080,FIN,60,sent,False,0.0
peer_2,1384.28,peer_5,28115,peer_2,80,p2p_coord,64,received,False,6.7
peer_2,1388.39,peer_2,80,peer_1,8643,p2p_coord,64,sent,False,0.0
peer_2,1391.10,peer_6,54872,peer_2,80,p2p_coord,64,received,False,6.7
peer_2,1392.36,peer_2,443,Server,8080,udp_generic,150,sent,False,0.0
peer_2,1393.40,Server,80,peer_2,443,p2p_coord,64,received,False,6.7
peer_2,1397.09,Server,8080,peer_2,443,fw_fragment,1400,received,False,6.7
peer_2,1397.33,peer_2,22666,Server,443,heartbeat,32,sent,False,0.0
peer_2,1397.11,Server,80,peer_2,443,fw_fragment,1400,received,False,66.7
peer_2,1397.13,Server,8080,peer_2,443,fw_fragment,1400,received,False,93.3
peer_2,1397.15,Server,8080,peer_2,443,fw_fragment,1400,received,False,86.7
peer_2,1397.17,Server,80,peer_2,443,fw_fragment,1400,received,False,80.0
peer_2,1397.19,Server,80,peer_2,443,fw_fragment,1400,received,False,73.3
peer_2,1397.21,Server,80,peer_2,443,fw_fragment,1400,received,False,66.7
peer_2,1397.23,Server,443,peer_2,443,fw_fragment,1400,received,False,60.0
peer_2,1397.25,Server,443,peer_2,443,fw_fragment,1400,received,False,53.3
peer_2,1397.27,Server,8080,peer_2,443,fw_fragment,1400,received,False,46.7
peer_2,1397.29,Server,443,peer_2,443,fw_fragment,1400,received,False,40.0
peer_2,1397.31,Server,8080,peer_2,443,fw_fragment,1400,received,False,33.3
peer_2,1397.33,Server,8080,peer_2,443,fw_fragment,1400,received,False,26.7
peer_2,1397.35,Server,8080,peer_2,443,fw_fragment,1400,received,False,20.0
peer_2,1397.37,Server,443,peer_2,443,fw_fragment,1400,received,False,13.3
peer_2,1397.39,Server,443,peer_2,443,fw_fragment,1400,received,False,6.7
peer_2,1402.44,peer_2,443,Server,80,p2p_coord,64,sent,False,72.0
peer_2,1403.24,peer_2,20747,Server,8080,udp_generic,190,sent,False,78.0
peer_2,1403.27,peer_6,56231,peer_2,20747,p2p_coord,64,received,False,6.7
peer_2,1407.82,peer_2,6963,Server,8080,SYN,60,sent,False,78.0
peer_2,1408.02,peer_2,6963,Server,8080,DATA_REQ,128,sent,False,76.0
peer_2,1408.73,peer_2,22666,Server,8080,DATA_REQ,128,sent,False,64.0
peer_2,1409.17,peer_2,6963,Server,8080,DATA_REQ,128,sent,False,58.0
peer_2,1409.48,peer_2,22666,Server,8080,FIN,60,sent,False,54.0
peer_2,1411.18,peer_2,80,Server,8080,p2p_coord,64,sent,False,24.0
peer_2,1411.80,Server,443,peer_2,6963,SYN-ACK,60,received,False,6.7
peer_2,1411.90,Server,8080,peer_2,6963,DATA_RESP,1024,received,False,13.3
peer_2,1412.00,Server,443,peer_2,22666,DATA_RESP,1024,received,False,13.3
peer_2,1412.10,Server,8080,peer_2,6963,DATA_RESP,1024,received,False,6.7
peer_2,1414.44,peer_2,20747,Server,8080,udp_generic,119,sent,False,0.0
peer_2,1414.50,peer_2,20747,Server,443,heartbeat,32,sent,False,2.0
peer_2,1417.46,peer_5,80,peer_2,6963,p2p_coord,64,received,False,6.7
peer_2,1418.75,peer_6,54872,peer_2,80,p2p_coord,64,received,False,6.7
peer_2,1419.61,Server,443,peer_2,80,p2p_coord,64,received,False,6.7
peer_2,1422.16,peer_2,22666,peer_1,80,p2p_coord,64,sent,False,0.0
peer_2,1425.21,peer_2,22666,Server,8080,udp_generic,226,sent,False,0.0
peer_2,1426.90,peer_6,443,peer_2,20747,p2p_coord,64,received,False,6.7
peer_2,1433.37,peer_2,80,Server,443,heartbeat,32,sent,False,0.0
peer_2,1433.42,peer_2,22666,peer_6,443,p2p_coord,64,sent,False,0.0
peer_2,1438.45,peer_2,80,Server,8080,udp_generic,203,sent,False,2.0
peer_2,1444.36,peer_2,20747,Server,8080,SYN,60,sent,False,50.0
peer_2,1444.56,peer_2,22666,Server,8080,DATA_REQ,128,sent,False,56.0
peer_2,1445.00,peer_2,22666,Server,8080,DATA_REQ,128,sent,False,70.0
peer_2,1445.80,peer_2,80,Server,8080,DATA_REQ,128,sent,False,88.0
peer_2,1445.93,peer_2,80,Server,443,p2p_coord,64,sent,False,94.0
peer_2,1446.46,peer_2,6963,Server,8080,FIN,60,sent,False,92.0
peer_2,1446.90,Server,80,peer_2,20747,SYN-ACK,60,received,False,6.7
peer_2,1447.40,Server,8080,peer_2,22666,DATA_RESP,1024,received,False,6.7
peer_2,1448.50,Server,443,peer_2,22666,DATA_RESP,1024,received,False,6.7
peer_2,1450.20,Server,443,peer_2,80,DATA_RESP,1024,received,False,6.7
peer_2,1450.57,peer_2,22666,Server,8080,udp_generic,217,sent,False,20.0
peer_2,1452.48,peer_2,443,Server,443,heartbeat,32,sent,False,0.0
peer_2,1460.85,peer_2,443,peer_1,443,p2p_coord,64,sent,False,0.0
peer_2,1464.05,peer_2,20747,Server,8080,udp_generic,141,sent,False,0.0
peer_2,1466.43,Server,80,peer_2,443,fw_fragment,1400,received,False,26.7
peer_2,1466.45,Server,80,peer_2,443,fw_fragment,1400,received,False,86.7
peer_2,1466.47,Server,443,peer_2,443,fw_fragment,1400,received,False,93.3
peer_2,1466.49,Server,443,peer_2,443,fw_fragment,1400,received,False,86.7
peer_2,1466.51,Server,443,peer_2,443,fw_fragment,1400,received,False,80.0
peer_2,1466.53,Server,8080,peer_2,443,fw_fragment,1400,received,False,73.3
peer_2,1466.55,Server,443,peer_2,443,fw_fragment,1400,received,False,66.7
peer_2,1466.57,Server,443,peer_2,443,fw_fragment,1400,received,False,60.0
peer_2,1466.59,Server,443,peer_2,443,fw_fragment,1400,received,False,53.3
peer_2,1466.61,Server,8080,peer_2,443,fw_fragment,1400,received,False,46.7
peer_2,1466.63,Server,443,peer_2,443,fw_fragment,1400,received,False,40.0
peer_2,1466.65,Server,8080,peer_2,443,fw_fragment,1400,received,False,33.3
peer_2,1468.98,peer_2,6963,Server,443,heartbeat,32,sent,False,0.0
peer_2,1466.67,Server,80,peer_2,443,fw_fragment,1400,received,False,26.7
peer_2,1466.69,Server,443,peer_2,443,fw_fragment,1400,received,False,20.0
peer_2,1466.71,Server,443,peer_2,443,fw_fragment,1400,received,False,13.3
peer_2,1466.73,Server,80,peer_2,443,fw_fragment,1400,received,False,6.7
peer_2,1469.93,peer_2,80,peer_6,80,p2p_coord,64,sent,False,0.0
peer_2,1472.30,peer_5,62479,peer_2,22666,p2p_coord,64,received,False,6.7
peer_2,1477.22,peer_2,80,Server,8080,udp_generic,232,sent,False,0.0
peer_2,1477.22,peer_2,20747,Server,8080,SYN,60,sent,False,2.0
peer_2,1477.42,peer_2,443,Server,8080,DATA_REQ,128,sent,False,2.0
peer_2,1477.50,Server,80,peer_2,20747,SYN-ACK,60,received,False,6.7
peer_2,1477.60,Server,443,peer_2,443,DATA_RESP,1024,received,False,6.7
peer_2,1477.99,peer_2,22666,Server,8080,DATA_REQ,128,sent,False,0.0
peer_2,1478.10,Server,443,peer_2,22666,DATA_RESP,1024,received,False,6.7
peer_2,1478.75,peer_2,6963,peer_1,57975,p2p_coord,64,sent,False,0.0
peer_2,1478.77,peer_2,80,Server,8080,FIN,60,sent,False,0.0
peer_2,1485.60,peer_4,443,peer_2,20747,p2p_coord,64,received,False,6.7
peer_2,1487.78,peer_2,443,Server,443,p2p_coord,64,sent,False,34.0
peer_2,1488.66,peer_2,20747,Server,443,heartbeat,32,sent,False,76.0
peer_2,1488.56,Server,80,peer_2,20747,p2p_coord,64,received,False,6.7
peer_2,1493.06,peer_5,443,peer_2,22666,p2p_coord,64,received,False,6.7
peer_2,1494.80,peer_6,443,peer_2,80,p2p_coord,64,received,False,6.7
peer_2,1500.28,peer_2,80,peer_1,443,p2p_coord,64,sent,False,0.0
peer_2,1501.53,peer_2,22666,Server,8080,udp_generic,187,sent,False,0.0
peer_2,1504.71,peer_2,443,Server,443,heartbeat,32,sent,False,0.0
peer_2,1506.70,peer_5,28115,peer_2,80,p2p_coord,64,received,False,6.7
peer_2,1510.64,peer_2,22666,Server,8080,SYN,60,sent,False,0.0
peer_2,1510.77,peer_2,443,peer_6,443,p2p_coord,64,sent,False,0.0
peer_2,1510.84,peer_2,6963,Server,8080,DATA_REQ,128,sent,False,0.0
peer_2,1510.80,Server,8080,peer_2,22666,SYN-ACK,60,received,False,6.7
peer_2,1511.00,Server,80,peer_2,6963,DATA_RESP,1024,received,False,6.7
peer_2,1511.62,peer_2,80,Server,8080,FIN,60,sent,False,0.0
peer_2,1512.18,peer_2,6963,Server,8080,udp_generic,227,sent,False,0.0
peer_2,1520.89,peer_6,56231,peer_2,80,p2p_coord,64,received,False,6.7
peer_2,1521.58,peer_2,6963,Server,443,heartbeat,32,sent,False,0.0
peer_2,1526.06,peer_2,80,Server,8080,udp_generic,249,sent,False,20.0
peer_2,1526.44,peer_2,20747,peer_6,443,p2p_coord,64,sent,False,0.0
peer_2,1529.60,peer_4,41818,peer_2,443,p2p_coord,64,received,False,6.7
peer_2,1535.93,peer_2,6963,peer_1,80,p2p_coord,64,sent,False,0.0
peer_2,1536.78,peer_2,6963,Server,443,heartbeat,32,sent,False,0.0
peer_2,1539.90,peer_2,80,Server,8080,udp_generic,148,sent,False,0.0
peer_2,1546.01,peer_2,6963,peer_6,19965,p2p_coord,64,sent,False,0.0
peer_2,1547.11,peer_2,443,Server,8080,SYN,60,sent,False,0.0
peer_2,1547.31,peer_2,443,Server,8080,DATA_REQ,128,sent,False,0.0
peer_2,1547.30,Server,8080,peer_2,443,SYN-ACK,60,received,False,6.7
peer_2,1547.64,peer_2,20747,Server,8080,DATA_REQ,128,sent,False,0.0
peer_2,1547.50,Server,443,peer_2,443,DATA_RESP,1024,received,False,6.7
peer_2,1547.80,Server,443,peer_2,20747,DATA_RESP,1024,received,False,6.7
peer_2,1548.23,peer_2,20747,Server,8080,FIN,60,sent,False,0.0
peer_2,1549.27,peer_5,80,peer_2,443,p2p_coord,64,received,False,6.7
peer_2,1550.31,peer_2,22666,Server,8080,udp_generic,102,sent,False,0.0
peer_2,1554.74,peer_2,20747,Server,443,heartbeat,32,sent,False,0.0
peer_2,1560.48,peer_2,6963,Server,8080,p2p_coord,64,sent,False,50.0
peer_2,1561.48,peer_2,6963,Server,8080,udp_generic,153,sent,False,34.0
peer_2,1567.58,Server,443,peer_2,20747,p2p_coord,64,received,False,6.7
peer_2,1570.35,peer_2,6963,Server,443,heartbeat,32,sent,False,6.0
peer_2,1570.49,peer_4,23252,peer_2,80,p2p_coord,64,received,False,6.7
peer_2,1572.17,peer_2,6963,Server,8080,udp_generic,135,sent,False,54.0
peer_2,1577.04,peer_2,443,Server,8080,p2p_coord,64,sent,False,0.0
peer_2,1584.88,peer_6,56231,peer_2,6963,p2p_coord,64,received,False,6.7
peer_2,1586.07,peer_2,443,Server,8080,udp_generic,193,sent,False,0.0
peer_2,1586.28,peer_2,443,Server,8080,SYN,60,sent,False,2.0
peer_2,1586.48,peer_2,80,Server,8080,DATA_REQ,128,sent,False,2.0
peer_2,1586.50,Server,8080,peer_2,443,SYN-ACK,60,received,False,6.7
peer_2,1586.89,peer_2,80,Server,443,heartbeat,32,sent,False,0.0
peer_2,1586.60,Server,80,peer_2,80,DATA_RESP,1024,received,False,6.7
peer_2,1587.04,peer_2,6963,Server,8080,FIN,60,sent,False,2.0
peer_2,1590.35,peer_2,443,peer_1,80,p2p_coord,64,sent,False,0.0
peer_2,1594.73,peer_5,80,peer_2,22666,p2p_coord,64,received,False,6.7
peer_2,1598.23,peer_2,22666,Server,8080,udp_generic,212,sent,False,30.0
peer_2,1601.32,peer_2,443,peer_1,21852,p2p_coord,64,sent,False,0.0
peer_2,1602.66,peer_2,22666,Server,443,heartbeat,32,sent,False,0.0
peer_2,1604.85,peer_5,443,peer_2,443,p2p_coord,64,received,False,6.7
peer_2,1606.39,peer_4,23252,peer_2,6963,p2p_coord,64,received,False,6.7
peer_2,1609.07,Server,443,peer_2,443,fw_fragment,1400,received,False,13.3
peer_2,1609.09,Server,80,peer_2,443,fw_fragment,1400,received,False,73.3
peer_2,1609.11,Server,8080,peer_2,443,fw_fragment,1400,received,False,93.3
peer_2,1609.13,Server,8080,peer_2,443,fw_fragment,1400,received,False,86.7
peer_2,1609.15,Server,8080,peer_2,443,fw_fragment,1400,received,False,80.0
peer_2,1609.17,Server,80,peer_2,443,fw_fragment,1400,received,False,73.3
peer_2,1609.19,Server,8080,peer_2,443,fw_fragment,1400,received,False,66.7
peer_2,1609.21,Server,443,peer_2,443,fw_fragment,1400,received,False,60.0
peer_2,1609.23,Server,8080,peer_2,443,fw_fragment,1400,received,False,53.3
peer_2,1609.25,Server,8080,peer_2,443,fw_fragment,1400,received,False,46.7
peer_2,1609.27,Server,80,peer_2,443,fw_fragment,1400,received,False,40.0
peer_2,1609.29,Server,8080,peer_2,443,fw_fragment,1400,received,False,33.3
peer_2,1609.31,Server,80,peer_2,443,fw_fragment,1400,received,False,26.7
peer_2,1611.82,peer_2,443,Server,443,p2p_coord,64,sent,False,0.0
peer_2,1609.33,Server,8080,peer_2,443,fw_fragment,1400,received,False,20.0
peer_2,1609.35,Server,443,peer_2,443,fw_fragment,1400,received,False,13.3
peer_2,1609.37,Server,443,peer_2,443,fw_fragment,1400,received,False,6.7
peer_2,1612.55,Server,80,peer_2,22666,p2p_coord,64,received,False,6.7
peer_2,1612.98,peer_2,20747,Server,8080,udp_generic,173,sent,False,0.0
peer_2,1614.58,peer_4,80,peer_2,20747,p2p_coord,64,received,False,6.7
peer_2,1616.39,peer_2,20747,Server,8080,SYN,60,sent,False,0.0
peer_2,1616.59,peer_2,6963,Server,8080,DATA_REQ,128,sent,False,0.0
peer_2,1616.50,Server,443,peer_2,20747,SYN-ACK,60,received,False,6.7
peer_2,1616.70,Server,80,peer_2,6963,DATA_RESP,1024,received,False,6.7
peer_2,1617.35,peer_2,6963,Server,8080,DATA_REQ,128,sent,False,0.0
peer_2,1617.50,Server,443,peer_2,6963,DATA_RESP,1024,received,False,6.7
peer_2,1618.09,peer_2,80,Server,8080,DATA_REQ,128,sent,False,0.0
peer_2,1618.20,Server,443,peer_2,80,DATA_RESP,1024,received,False,6.7
peer_2,1618.68,peer_2,22666,Server,8080,FIN,60,sent,False,0.0
peer_2,1618.89,peer_6,19965,peer_2,443,p2p_coord,64,received,False,6.7
peer_2,1620.49,peer_2,443,Server,443,heartbeat,32,sent,False,2.0
peer_2,1624.71,peer_2,22666,Server,8080,udp_generic,170,sent,False,32.0
peer_2,1626.55,peer_2,6963,Server,8080,p2p_coord,64,sent,False,0.0
peer_2,1636.25,peer_2,6963,Server,8080,udp_generic,256,sent,False,2.0
peer_2,1636.53,peer_6,56231,peer_2,22666,p2p_coord,64,received,False,6.7
peer_2,1638.12,peer_2,6963,Server,443,heartbeat,32,sent,False,0.0
peer_2,1643.16,peer_2,80,Server,443,p2p_coord,64,sent,False,0.0
peer_2,1646.97,peer_2,22666,Server,8080,udp_generic,191,sent,False,2.0
peer_2,1651.38,peer_5,28115,peer_2,443,p2p_coord,64,received,False,6.7
peer_2,1652.14,peer_2,6963,Server,8080,p2p_coord,64,sent,False,56.0
peer_2,1655.27,peer_2,80,Server,8080,SYN,60,sent,False,0.0
peer_2,1655.47,peer_2,443,Server,8080,DATA_REQ,128,sent,False,2.0
peer_2,1655.40,Server,443,peer_2,80,SYN-ACK,60,received,False,6.7
peer_2,1655.70,Server,80,peer_2,443,DATA_RESP,1024,received,False,6.7
peer_2,1656.24,peer_2,20747,Server,8080,DATA_REQ,128,sent,False,0.0
peer_2,1656.40,Server,8080,peer_2,20747,DATA_RESP,1024,received,False,6.7
peer_2,1656.86,peer_2,6963,Server,8080,DATA_REQ,128,sent,False,0.0
peer_2,1656.91,peer_2,80,Server,443,heartbeat,32,sent,False,2.0
peer_2,1657.00,Server,8080,peer_2,6963,DATA_RESP,1024,received,False,6.7
peer_2,1657.30,peer_2,6963,Server,8080,DATA_REQ,128,sent,False,0.0
peer_2,1657.50,Server,8080,peer_2,6963,DATA_RESP,1024,received,False,6.7
peer_2,1657.63,peer_6,80,peer_2,443,p2p_coord,64,received,False,6.7
peer_2,1658.04,peer_2,6963,Server,8080,FIN,60,sent,False,0.0
peer_2,1660.26,peer_2,443,peer_6,80,p2p_coord,64,sent,False,0.0
peer_2,1661.53,peer_2,6963,Server,8080,udp_generic,177,sent,False,0.0
peer_2,1663.01,peer_5,28115,peer_2,80,p2p_coord,64,received,False,6.7
peer_2,1670.56,peer_4,443,peer_2,443,p2p_coord,64,received,False,6.7
peer_2,1672.22,peer_2,22666,Server,443,heartbeat,32,sent,False,0.0
peer_2,1672.51,peer_2,80,peer_6,443,p2p_coord,64,sent,False,0.0
peer_2,1674.28,peer_2,443,Server,8080,udp_generic,254,sent,False,34.0
peer_2,1684.12,peer_2,443,Server,8080,p2p_coord,64,sent,False,0.0
peer_2,1686.76,peer_4,443,peer_2,443,p2p_coord,64,received,False,6.7
peer_2,1688.29,peer_2,22666,Server,8080,udp_generic,208,sent,False,0.0
peer_2,1691.41,peer_2,6963,Server,443,heartbeat,32,sent,False,0.0
peer_2,1694.08,peer_2,20747,Server,8080,SYN,60,sent,False,44.0
peer_2,1694.28,peer_2,443,Server,8080,DATA_REQ,128,sent,False,50.0
peer_2,1694.79,peer_2,443,Server,8080,DATA_REQ,128,sent,False,62.0
peer_2,1695.48,peer_2,6963,Server,8080,FIN,60,sent,False,76.0
peer_2,1695.51,peer_2,20747,Server,80,p2p_coord,64,sent,False,76.0
peer_2,1696.14,peer_4,23210,peer_2,80,p2p_coord,64,received,False,6.7
peer_2,1696.30,Server,8080,peer_2,20747,SYN-ACK,60,received,False,6.7
peer_2,1696.80,Server,8080,peer_2,443,DATA_RESP,1024,received,False,6.7
peer_2,1697.90,Server,8080,peer_2,443,DATA_RESP,1024,received,False,6.7
peer_2,1703.05,peer_2,20747,Server,8080,udp_generic,217,sent,False,0.0
peer_2,1707.31,peer_2,20747,Server,443,heartbeat,32,sent,False,0.0
peer_2,1709.71,peer_2,80,peer_6,54872,p2p_coord,64,sent,False,0.0
peer_2,1710.07,peer_4,23210,peer_2,22666,p2p_coord,64,received,False,6.7
peer_2,1714.69,Server,443,peer_2,20747,p2p_coord,64,received,False,6.7
peer_2,1717.36,peer_2,443,Server,8080,udp_generic,106,sent,False,0.0
peer_2,1723.25,peer_2,6963,Server,8080,SYN,60,sent,False,0.0
peer_2,1723.45,peer_2,443,Server,8080,DATA_REQ,128,sent,False,0.0
peer_2,1723.40,Server,8080,peer_2,6963,SYN-ACK,60,received,False,6.7
peer_2,1723.60,Server,8080,peer_2,443,DATA_RESP,1024,received,False,6.7
peer_2,1724.13,peer_2,443,Server,443,heartbeat,32,sent,False,0.0
peer_2,1724.14,peer_2,22666,Server,8080,DATA_REQ,128,sent,False,2.0
peer_2,1724.59,peer_2,20747,Server,8080,DATA_REQ,128,sent,False,0.0
peer_2,1724.40,Server,8080,peer_2,22666,DATA_RESP,1024,received,False,6.7
peer_2,1724.70,Server,8080,peer_2,20747,DATA_RESP,1024,received,False,6.7
peer_2,1725.31,peer_2,22666,Server,8080,FIN,60,sent,False,0.0
peer_2,1726.01,peer_5,62479,peer_2,443,p2p_coord,64,received,False,6.7
peer_2,1727.09,peer_2,443,peer_1,8643,p2p_coord,64,sent,False,0.0
peer_2,1727.20,peer_4,23210,peer_2,20747,p2p_coord,64,received,False,6.7
peer_2,1730.96,peer_6,443,peer_2,6963,p2p_coord,64,received,False,6.7
peer_2,1731.71,peer_2,80,Server,8080,udp_generic,168,sent,False,0.0
peer_2,1739.28,peer_2,6963,peer_1,80,p2p_coord,64,sent,False,0.0
peer_2,1740.14,peer_2,22666,Server,443,heartbeat,32,sent,False,0.0
peer_2,1742.39,peer_4,23252,peer_2,80,p2p_coord,64,received,False,6.7
peer_2,1743.88,peer_2,80,Server,8080,udp_generic,251,sent,False,0.0
peer_2,1743.80,peer_5,443,peer_2,20747,p2p_coord,64,received,False,6.7
peer_2,1755.17,peer_2,20747,Server,443,heartbeat,32,sent,False,32.0
peer_2,1755.91,peer_2,80,Server,8080,udp_generic,209,sent,False,20.0
peer_2,1755.93,peer_2,6963,peer_1,57975,p2p_coord,64,sent,False,0.0
peer_2,1756.79,peer_4,23210,peer_2,22666,p2p_coord,64,received,False,6.7
peer_2,1760.53,peer_2,22666,Server,8080,SYN,60,sent,False,0.0
peer_2,1760.73,peer_2,6963,Server,8080,DATA_REQ,128,sent,False,0.0
peer_2,1760.70,Server,80,peer_2,22666,SYN-ACK,60,received,False,6.7
peer_2,1760.90,Server,443,peer_2,6963,DATA_RESP,1024,received,False,6.7
peer_2,1761.46,peer_2,443,Server,8080,DATA_REQ,128,sent,False,0.0
peer_2,1761.60,Server,8080,peer_2,443,DATA_RESP,1024,received,False,6.7
peer_2,1762.12,peer_2,6963,Server,8080,DATA_REQ,128,sent,False,0.0
peer_2,1762.30,Server,443,peer_2,6963,DATA_RESP,1024,received,False,6.7
peer_2,1762.73,peer_2,443,Server,8080,DATA_REQ,128,sent,False,0.0
peer_2,1763.06,peer_2,443,Server,8080,FIN,60,sent,False,2.0
peer_2,1762.90,Server,443,peer_2,443,DATA_RESP,1024,received,False,6.7
peer_2,1765.02,peer_2,20747,peer_1,8643,p2p_coord,64,sent,False,0.0
peer_2,1767.48,peer_2,443,Server,8080,udp_generic,195,sent,False,0.0
peer_2,1772.84,peer_2,6963,Server,443,heartbeat,32,sent,False,0.0
peer_2,1776.92,Server,443,peer_2,20747,p2p_coord,64,received,False,6.7
peer_2,1779.35,peer_2,22666,peer_1,8643,p2p_coord,64,sent,False,0.0
peer_2,1782.13,peer_2,20747,Server,8080,udp_generic,218,sent,False,46.0
peer_2,1788.35,peer_2,6963,peer_1,57975,p2p_coord,64,sent,False,0.0
peer_2,1789.78,peer_2,6963,Server,443,heartbeat,32,sent,False,10.0
peer_2,1790.77,peer_2,6963,Server,8080,SYN,60,sent,False,32.0
peer_2,1790.97,peer_2,6963,Server,8080,DATA_REQ,128,sent,False,38.0
peer_2,1791.56,peer_2,443,Server,8080,DATA_REQ,128,sent,False,52.0
peer_2,1792.11,peer_2,6963,Server,8080,FIN,60,sent,False,64.0
peer_2,1792.40,Server,80,peer_2,6963,SYN-ACK,60,received,False,6.7
peer_2,1792.92,peer_2,6963,Server,8080,udp_generic,193,sent,False,82.0
peer_2,1792.90,Server,443,peer_2,6963,DATA_RESP,1024,received,False,6.7
peer_2,1794.20,Server,443,peer_2,443,DATA_RESP,1024,received,False,6.7
peer_2,1797.51,peer_4,41818,peer_2,80,p2p_coord,64,received,False,6.7
peer_2,1804.59,peer_2,22666,Server,8080,p2p_coord,64,sent,False,0.0
peer_2,1805.20,peer_2,20747,Server,8080,udp_generic,111,sent,False,0.0
peer_2,1805.59,peer_2,22666,Server,443,heartbeat,32,sent,False,0.0
peer_2,1808.02,Server,8080,peer_2,443,fw_fragment,1400,received,False,26.7
peer_2,1808.04,Server,8080,peer_2,443,fw_fragment,1400,received,False,86.7
peer_2,1808.06,Server,443,peer_2,443,fw_fragment,1400,received,False,93.3
peer_2,1808.08,Server,8080,peer_2,443,fw_fragment,1400,received,False,86.7
peer_2,1808.10,Server,8080,peer_2,443,fw_fragment,1400,received,False,80.0
peer_2,1808.12,Server,80,peer_2,443,fw_fragment,1400,received,False,73.3
peer_2,1808.14,Server,80,peer_2,443,fw_fragment,1400,received,False,66.7
peer_2,1808.16,Server,8080,peer_2,443,fw_fragment,1400,received,False,60.0
peer_2,1808.18,Server,8080,peer_2,443,fw_fragment,1400,received,False,53.3
peer_2,1808.20,Server,80,peer_2,443,fw_fragment,1400,received,False,46.7
peer_2,1808.22,Server,443,peer_2,443,fw_fragment,1400,received,False,40.0
peer_2,1808.24,Server,8080,peer_2,443,fw_fragment,1400,received,False,33.3
peer_2,1808.26,Server,8080,peer_2,443,fw_fragment,1400,received,False,26.7
peer_2,1808.28,Server,8080,peer_2,443,fw_fragment,1400,received,False,20.0
peer_2,1808.30,Server,80,peer_2,443,fw_fragment,1400,received,False,13.3
peer_2,1808.32,Server,443,peer_2,443,fw_fragment,1400,received,False,6.7
peer_2,1812.72,peer_4,443,peer_2,20747,p2p_coord,64,received,False,6.7
peer_2,1816.09,peer_6,80,peer_2,443,p2p_coord,64,received,False,6.7
peer_2,1817.68,peer_2,22666,peer_6,443,p2p_coord,64,sent,False,6.7
peer_2,1819.93,peer_2,80,Server,8080,udp_generic,216,sent,False,68.0
peer_2,1820.66,peer_2,22666,Server,443,heartbeat,32,sent,False,62.0
peer_2,1823.55,peer_5,443,peer_2,80,p2p_coord,64,received,False,6.7
peer_2,1829.42,peer_2,6963,Server,8080,SYN,60,sent,False,0.0
peer_2,1829.62,peer_2,20747,Server,8080,DATA_REQ,128,sent,False,0.0
peer_2,1829.60,Server,80,peer_2,6963,SYN-ACK,60,received,False,6.7
peer_2,1829.80,Server,443,peer_2,20747,DATA_RESP,1024,received,False,6.7
peer_2,1830.08,peer_2,22666,Server,8080,FIN,60,sent,False,0.0
peer_2,1830.31,peer_2,443,Server,8080,udp_generic,141,sent,False,0.0
peer_2,1835.00,peer_2,20747,Server,8080,p2p_coord,64,sent,False,0.0
peer_2,1840.35,peer_2,22666,Server,443,heartbeat,32,sent,False,20.0
peer_2,1841.25,peer_2,6963,Server,8080,udp_generic,167,sent,False,4.0
peer_2,1844.89,peer_6,80,peer_2,80,p2p_coord,64,received,False,6.7
peer_2,1849.09,peer_2,20747,peer_6,19965,p2p_coord,64,sent,False,0.0
peer_2,1851.37,peer_2,6963,Server,8080,udp_generic,135,sent,False,0.0
peer_2,1856.22,peer_2,6963,Server,443,heartbeat,32,sent,False,0.0
peer_2,1856.89,peer_2,80,Server,8080,SYN,60,sent,False,0.0
peer_2,1857.09,peer_2,22666,Server,8080,DATA_REQ,128,sent,False,0.0
peer_2,1857.00,Server,443,peer_2,80,SYN-ACK,60,received,False,6.7
peer_2,1857.20,Server,443,peer_2,22666,DATA_RESP,1024,received,False,6.7
peer_2,1857.82,peer_2,80,Server,8080,DATA_REQ,128,sent,False,0.0
peer_2,1858.00,Server,443,peer_2,80,DATA_RESP,1024,received,False,6.7
peer_2,1858.49,peer_2,80,Server,8080,DATA_REQ,128,sent,False,0.0
peer_2,1858.60,Server,80,peer_2,80,DATA_RESP,1024,received,False,6.7
peer_2,1859.28,peer_2,443,Server,8080,DATA_REQ,128,sent,False,0.0
peer_2,1859.60,peer_2,20747,peer_6,56231,p2p_coord,64,sent,False,0.0
peer_2,1859.40,Server,80,peer_2,443,DATA_RESP,1024,received,False,6.7
peer_2,1859.72,peer_2,80,Server,8080,FIN,60,sent,False,0.0
peer_2,1861.78,peer_2,443,Server,8080,udp_generic,147,sent,False,0.0
peer_2,1865.72,peer_5,44444,peer_2,443,p2p_coord,64,received,False,6.7
peer_2,1872.28,peer_2,20747,Server,8080,udp_generic,154,sent,False,54.0
peer_2,1872.78,peer_2,20747,Server,443,heartbeat,32,sent,False,70.0
peer_2,1877.59,peer_2,6963,peer_1,80,p2p_coord,64,sent,False,0.0
peer_2,1883.05,peer_2,22666,Server,8080,udp_generic,241,sent,False,0.0
peer_2,1889.71,peer_2,443,Server,443,heartbeat,32,sent,False,2.0
peer_2,1894.98,peer_2,20747,Server,8080,udp_generic,100,sent,False,0.0
peer_2,1895.55,peer_2,6963,peer_1,8643,p2p_coord,64,sent,False,0.0
peer_2,1895.89,peer_2,80,Server,8080,SYN,60,sent,False,2.0
peer_2,1896.09,peer_2,20747,Server,8080,DATA_REQ,128,sent,False,2.0
peer_2,1896.10,Server,8080,peer_2,80,SYN-ACK,60,received,False,6.7
peer_2,1896.20,Server,443,peer_2,20747,DATA_RESP,1024,received,False,6.7
peer_2,1896.89,peer_2,6963,Server,8080,DATA_REQ,128,sent,False,0.0
peer_2,1897.00,Server,8080,peer_2,6963,DATA_RESP,1024,received,False,6.7
peer_2,1897.52,peer_2,6963,Server,8080,DATA_REQ,128,sent,False,0.0
peer_2,1897.70,Server,443,peer_2,6963,DATA_RESP,1024,received,False,6.7
peer_2,1898.25,peer_2,80,Server,8080,DATA_REQ,128,sent,False,0.0
peer_2,1898.40,Server,80,peer_2,80,DATA_RESP,1024,received,False,6.7
peer_2,1898.68,peer_2,22666,Server,8080,FIN,60,sent,False,0.0
peer_2,1901.75,peer_4,80,peer_2,443,p2p_coord,64,received,False,6.7
peer_2,1907.73,peer_2,443,Server,443,heartbeat,32,sent,False,2.0
peer_2,1908.79,peer_2,22666,Server,8080,udp_generic,229,sent,False,4.0
peer_2,1913.21,peer_2,22666,peer_1,80,p2p_coord,64,sent,False,0.0
peer_2,1919.55,peer_2,22666,Server,8080,udp_generic,157,sent,False,16.0
peer_2,1925.43,peer_2,20747,Server,443,heartbeat,32,sent,False,0.0
peer_2,1927.64,peer_2,6963,peer_6,19965,p2p_coord,64,sent,False,0.0
peer_2,1931.93,peer_2,443,Server,8080,udp_generic,248,sent,False,0.0
peer_2,1933.03,Server,8080,peer_2,80,p2p_coord,64,received,False,6.7
peer_2,1934.69,peer_2,443,Server,8080,SYN,60,sent,False,0.0
peer_2,1934.89,peer_2,22666,Server,8080,DATA_REQ,128,sent,False,2.0
peer_2,1934.80,Server,443,peer_2,443,SYN-ACK,60,received,False,6.7
peer_2,1935.26,peer_2,443,Server,8080,FIN,60,sent,False,0.0
peer_2,1935.10,Server,8080,peer_2,22666,DATA_RESP,1024,received,False,6.7
peer_2,1935.97,Server,80,peer_2,443,fw_fragment,1400,received,False,13.3
peer_2,1935.99,Server,8080,peer_2,443,fw_fragment,1400,received,False,73.3
peer_2,1936.01,Server,80,peer_2,443,fw_fragment,1400,received,False,93.3
peer_2,1936.03,Server,8080,peer_2,443,fw_fragment,1400,received,False,86.7
peer_2,1936.05,Server,443,peer_2,443,fw_fragment,1400,received,False,80.0
peer_2,1936.07,Server,80,peer_2,443,fw_fragment,1400,received,False,73.3
peer_2,1936.09,Server,8080,peer_2,443,fw_fragment,1400,received,False,66.7
peer_2,1936.11,Server,443,peer_2,443,fw_fragment,1400,received,False,60.0
peer_2,1937.76,peer_2,22666,Server,80,p2p_coord,64,sent,False,0.0
peer_2,1936.13,Server,443,peer_2,443,fw_fragment,1400,received,False,53.3
peer_2,1936.15,Server,443,peer_2,443,fw_fragment,1400,received,False,46.7
peer_2,1936.17,Server,80,peer_2,443,fw_fragment,1400,received,False,40.0
peer_2,1936.19,Server,8080,peer_2,443,fw_fragment,1400,received,False,33.3
peer_2,1936.21,Server,8080,peer_2,443,fw_fragment,1400,received,False,26.7
peer_2,1936.23,Server,443,peer_2,443,fw_fragment,1400,received,False,20.0
peer_2,1936.25,Server,8080,peer_2,443,fw_fragment,1400,received,False,13.3
peer_2,1936.27,Server,80,peer_2,443,fw_fragment,1400,received,False,6.7
peer_2,1942.46,peer_2,20747,Server,443,heartbeat,32,sent,False,0.0
peer_2,1946.32,peer_2,80,Server,8080,udp_generic,249,sent,False,0.0
peer_2,1955.25,peer_2,80,peer_1,57975,p2p_coord,64,sent,False,0.0
peer_2,1957.01,peer_2,6963,Server,8080,udp_generic,168,sent,False,0.0
peer_2,1958.71,peer_2,6963,Server,443,heartbeat,32,sent,False,0.0
peer_2,1963.80,peer_2,20747,peer_6,54872,p2p_coord,64,sent,False,0.0
peer_2,1968.49,peer_4,80,peer_2,443,p2p_coord,64,received,False,6.7
peer_2,1969.46,peer_2,22666,Server,8080,udp_generic,106,sent,False,0.0
peer_2,1969.92,peer_2,20747,Server,8080,SYN,60,sent,False,0.0
peer_2,1970.12,peer_2,22666,Server,8080,DATA_REQ,128,sent,False,0.0
peer_2,1970.10,Server,443,peer_2,20747,SYN-ACK,60,received,False,6.7
peer_2,1970.30,Server,80,peer_2,22666,DATA_RESP,1024,received,False,6.7
peer_2,1970.87,peer_2,443,Server,8080,DATA_REQ,128,sent,False,0.0
peer_2,1971.00,Server,80,peer_2,443,DATA_RESP,1024,received,False,6.7
peer_2,1971.49,peer_2,22666,Server,8080,FIN,60,sent,False,0.0
peer_2,1977.30,peer_2,22666,peer_1,21852,p2p_coord,64,sent,False,0.0
peer_2,1977.99,peer_2,20747,Server,443,heartbeat,32,sent,False,0.0
peer_2,1980.37,peer_2,443,Server,8080,udp_generic,103,sent,False,0.0
peer_2,1985.36,peer_2,6963,peer_1,443,p2p_coord,64,sent,False,0.0
peer_2,1994.31,peer_2,20747,Server,80,p2p_coord,64,sent,False,0.0
peer_2,1994.39,peer_2,22666,Server,8080,udp_generic,171,sent,False,2.0
peer_2,1995.31,peer_2,22666,Server,443,heartbeat,32,sent,False,0.0
